HigherSeed,HigherSeedID,HigherSeedNum,LowerSeed,LowerSeedID,LowerSeedNum,Predictions
Alabama,1104,4,Akron,1103,12,0.7502601055951177
Arizona,1112,1,Akron,1103,12,0.7211151780228631
Arkansas,1116,4,Akron,1103,12,0.86056612703835
BYU,1140,6,Akron,1103,12,0.5523079095743253
Akron,1103,12,Cal Baptist,1465,13,0.5
Clemson,1155,8,Akron,1103,12,0.5174928576663897
Connecticut,1163,2,Akron,1103,12,0.9450596502096688
Duke,1181,1,Akron,1103,12,0.8569272765199193
Florida,1196,1,Akron,1103,12,0.9011439268218306
Akron,1103,12,Furman,1202,15,0.5037499296890819
Georgia,1208,8,Akron,1103,12,0.5878295384825115
Gonzaga,1211,3,Akron,1103,12,0.8284952300245991
Akron,1103,12,Hawaii,1218,13,0.4650570548417855
Akron,1103,12,High Point,1219,12,0.46257015465625045
Akron,1103,12,Hofstra,1220,13,0.5
Houston,1222,2,Akron,1103,12,0.7622400534271092
Akron,1103,12,Howard,1224,16,0.5584811124381613
Akron,1103,12,Idaho,1225,15,0.5
Illinois,1228,3,Akron,1103,12,0.6726070170677604
Iowa,1234,9,Akron,1103,12,0.5037499296890819
Iowa St,1235,2,Akron,1103,12,0.5
Kansas,1242,4,Akron,1103,12,0.8021838885585817
Akron,1103,12,Kennesaw,1244,14,0.5
Kentucky,1246,7,Akron,1103,12,0.8227366964217431
Akron,1103,12,Lehigh,1250,16,0.5361866202317948
Akron,1103,12,LIU Brooklyn,1254,16,0.5658650028954817
Louisville,1257,6,Akron,1103,12,0.7170752854929726
McNeese St,1270,12,Akron,1103,12,0.5
Miami FL,1274,7,Akron,1103,12,0.7849922886281077
Miami OH,1275,11,Akron,1103,12,0.5
Michigan,1276,1,Akron,1103,12,0.9205614508160216
Michigan St,1277,3,Akron,1103,12,0.5
Missouri,1281,10,Akron,1103,12,0.44151888756183866
Akron,1103,12,N Dakota St,1295,14,0.5
NC State,1301,11,Akron,1103,12,0.5
Nebraska,1304,4,Akron,1103,12,0.6867567266439019
North Carolina,1314,6,Akron,1103,12,0.9190865327845347
Akron,1103,12,Northern Iowa,1320,12,0.4365932137378064
Ohio St,1326,8,Akron,1103,12,0.5
Akron,1103,12,Penn,1335,14,0.5087491068802403
Akron,1103,12,Prairie View,1341,16,0.5
Purdue,1345,2,Akron,1103,12,0.7005671424739729
Akron,1103,12,Queens NC,1474,15,0.5
Santa Clara,1365,10,Akron,1103,12,0.5
Akron,1103,12,Siena,1373,16,0.5361866202317948
SMU,1374,11,Akron,1103,12,0.47252769565540637
South Florida,1378,11,Akron,1103,12,0.5732197726798349
St John's,1385,5,Akron,1103,12,0.5
St Louis,1387,9,Akron,1103,12,0.5
St Mary's CA,1388,7,Akron,1103,12,0.5
TCU,1395,9,Akron,1103,12,0.5597136492671929
Tennessee,1397,6,Akron,1103,12,0.6456563062257954
Akron,1103,12,Tennessee St,1398,15,0.5
Texas,1400,11,Akron,1103,12,0.36354745971843366
Texas A&M,1401,10,Akron,1103,12,0.5902502519301834
Texas Tech,1403,5,Akron,1103,12,0.7567604506198106
Akron,1103,12,Troy,1407,13,0.4912508931197597
UCF,1416,10,Akron,1103,12,0.6010878788483698
UCLA,1417,7,Akron,1103,12,0.7900123734263975
Akron,1103,12,UMBC,1420,16,0.5212372149662741
Utah St,1429,9,Akron,1103,12,0.5
Vanderbilt,1435,5,Akron,1103,12,0.5732197726798349
VCU,1433,11,Akron,1103,12,0.5324543063873187
Villanova,1437,8,Akron,1103,12,0.7858349830425586
Virginia,1438,3,Akron,1103,12,0.5187412158785352
Wisconsin,1458,5,Akron,1103,12,0.7280991982662492
Akron,1103,12,Wright St,1460,14,0.5
Arizona,1112,1,Alabama,1104,4,0.46257015465625045
Alabama,1104,4,Arkansas,1116,4,0.32739298293223956
Alabama,1104,4,BYU,1140,6,0.7088901725661199
Alabama,1104,4,Cal Baptist,1465,13,0.5
Alabama,1104,4,Clemson,1155,8,0.7369158958334202
Connecticut,1163,2,Alabama,1104,4,0.8513210454160925
Duke,1181,1,Alabama,1104,4,0.6659669267518202
Florida,1196,1,Alabama,1104,4,0.7521291114395702
Alabama,1104,4,Furman,1202,15,0.7530600904213377
Alabama,1104,4,Georgia,1208,8,0.6780882495516275
Gonzaga,1211,3,Alabama,1104,4,0.6165665045213193
Alabama,1104,4,Hawaii,1218,13,0.7231218051243898
Alabama,1104,4,High Point,1219,12,0.7211151780228631
Alabama,1104,4,Hofstra,1220,13,0.5
Houston,1222,2,Alabama,1104,4,0.5162442810620724
Alabama,1104,4,Howard,1224,16,0.7916664907298545
Alabama,1104,4,Idaho,1225,15,0.5
Illinois,1228,3,Alabama,1104,4,0.4061268970658573
Alabama,1104,4,Iowa,1234,9,0.7474390202201999
Iowa St,1235,2,Alabama,1104,4,0.5
Alabama,1104,4,Kansas,1242,4,0.4255574831883411
Alabama,1104,4,Kennesaw,1244,14,0.5
Alabama,1104,4,Kentucky,1246,7,0.39293301192829644
Alabama,1104,4,Lehigh,1250,16,0.7764331373333982
Alabama,1104,4,LIU Brooklyn,1254,16,0.7965711270909327
Alabama,1104,4,Louisville,1257,6,0.542397940774351
Alabama,1104,4,McNeese St,1270,12,0.5
Alabama,1104,4,Miami FL,1274,7,0.4514038914168657
Alabama,1104,4,Miami OH,1275,11,0.5
Michigan,1276,1,Alabama,1104,4,0.7941296281990528
Michigan St,1277,3,Alabama,1104,4,0.5
Alabama,1104,4,Missouri,1281,10,0.7916664907298545
Alabama,1104,4,N Dakota St,1295,14,0.5
Alabama,1104,4,NC State,1301,11,0.5
Nebraska,1304,4,Alabama,1104,4,0.4218947671156908
Alabama,1104,4,North Carolina,1314,6,0.20915936521306333
Alabama,1104,4,Northern Iowa,1320,12,0.6995172276624275
Alabama,1104,4,Ohio St,1326,8,0.5
Alabama,1104,4,Penn,1335,14,0.7567604506198106
Alabama,1104,4,Prairie View,1341,16,0.5
Purdue,1345,2,Alabama,1104,4,0.43782349911420193
Alabama,1104,4,Queens NC,1474,15,0.5
Alabama,1104,4,Santa Clara,1365,10,0.5
Alabama,1104,4,Siena,1373,16,0.7764331373333982
Alabama,1104,4,SMU,1374,11,0.7702989490466019
Alabama,1104,4,South Florida,1378,11,0.6910430124157229
Alabama,1104,4,St John's,1385,5,0.5
Alabama,1104,4,St Louis,1387,9,0.5
Alabama,1104,4,St Mary's CA,1388,7,0.5
Alabama,1104,4,TCU,1395,9,0.7026606543447316
Alabama,1104,4,Tennessee,1397,6,0.6224593312018546
Alabama,1104,4,Tennessee St,1398,15,0.5
Alabama,1104,4,Texas,1400,11,0.8402380030563309
Alabama,1104,4,Texas A&M,1401,10,0.6759015277259407
Alabama,1104,4,Texas Tech,1403,5,0.4912508931197597
Alabama,1104,4,Troy,1407,13,0.7436448917562621
Alabama,1104,4,UCF,1416,10,0.6659669267518202
Alabama,1104,4,UCLA,1417,7,0.44398610945538003
Alabama,1104,4,UMBC,1420,16,0.7658456258197971
Alabama,1104,4,Utah St,1429,9,0.5
Alabama,1104,4,Vanderbilt,1435,5,0.6910430124157227
Alabama,1104,4,VCU,1433,11,0.7251194977898231
Alabama,1104,4,Villanova,1437,8,0.45016600268752216
Virginia,1438,3,Alabama,1104,4,0.26405460607285153
Alabama,1104,4,Wisconsin,1458,5,0.5287183569514396
Alabama,1104,4,Wright St,1460,14,0.5
Arizona,1112,1,Arkansas,1116,4,0.295254302001909
Arizona,1112,1,BYU,1140,6,0.676995856238523
Arizona,1112,1,Cal Baptist,1465,13,0.5
Arizona,1112,1,Clemson,1155,8,0.7068222210935676
Arizona,1112,1,Connecticut,1163,2,0.13067542302569396
Duke,1181,1,Arizona,1112,1,0.6984652160025387
Arizona,1112,1,Florida,1196,1,0.22097389222018782
Arizona,1112,1,Furman,1202,15,0.7241217707708186
Arizona,1112,1,Georgia,1208,8,0.6445115537062946
Arizona,1112,1,Gonzaga,1211,3,0.34864513533394575
Arizona,1112,1,Hawaii,1218,13,0.6921095043017882
Arizona,1112,1,High Point,1219,12,0.6899744811276125
Arizona,1112,1,Hofstra,1220,13,0.5
Arizona,1112,1,Houston,1222,2,0.4464560968488817
Arizona,1112,1,Howard,1224,16,0.7658456258197971
Arizona,1112,1,Idaho,1225,15,0.5
Arizona,1112,1,Illinois,1228,3,0.5572478545985555
Arizona,1112,1,Iowa,1234,9,0.7180885751833498
Arizona,1112,1,Iowa St,1235,2,0.5
Arizona,1112,1,Kansas,1242,4,0.389360766050778
Arizona,1112,1,Kennesaw,1244,14,0.5
Arizona,1112,1,Kentucky,1246,7,0.3577829070425624
Arizona,1112,1,Lehigh,1250,16,0.7493220844051797
Arizona,1112,1,LIU Brooklyn,1254,16,0.7711824455558168
Arizona,1112,1,Louisville,1257,6,0.5049998333399998
Arizona,1112,1,McNeese St,1270,12,0.5
Arizona,1112,1,Miami FL,1274,7,0.41459543087053496
Arizona,1112,1,Miami OH,1275,11,0.5
Arizona,1112,1,Michigan,1276,1,0.18242552380635635
Arizona,1112,1,Michigan St,1277,3,0.5
Arizona,1112,1,Missouri,1281,10,0.7658456258197971
Arizona,1112,1,N Dakota St,1295,14,0.5
Arizona,1112,1,NC State,1301,11,0.5
Arizona,1112,1,Nebraska,1304,4,0.5411566681502281
Arizona,1112,1,North Carolina,1314,6,0.18542741929298232
Arizona,1112,1,Northern Iowa,1320,12,0.6670782770956253
Arizona,1112,1,Ohio St,1326,8,0.5
Arizona,1112,1,Penn,1335,14,0.7280991982662492
Arizona,1112,1,Prairie View,1341,16,0.5
Arizona,1112,1,Purdue,1345,2,0.52497918747894
Arizona,1112,1,Queens NC,1474,15,0.5
Arizona,1112,1,Santa Clara,1365,10,0.5
Arizona,1112,1,Siena,1373,16,0.7493220844051797
Arizona,1112,1,SMU,1374,11,0.7426905453026857
Arizona,1112,1,South Florida,1378,11,0.6581363150480182
Arizona,1112,1,St John's,1385,5,0.5
Arizona,1112,1,St Louis,1387,9,0.5
Arizona,1112,1,St Mary's CA,1388,7,0.5
Arizona,1112,1,TCU,1395,9,0.6704011598088686
Arizona,1112,1,Tennessee,1397,6,0.5866175789173301
Arizona,1112,1,Tennessee St,1398,15,0.5
Arizona,1112,1,Texas,1400,11,0.819061206847858
Arizona,1112,1,Texas A&M,1401,10,0.6422170929574377
Arizona,1112,1,Texas Tech,1403,5,0.4538814589542203
Arizona,1112,1,Troy,1407,13,0.7140222267773016
Arizona,1112,1,UCF,1416,10,0.6318124177361016
Arizona,1112,1,UCLA,1417,7,0.40733340004593027
Arizona,1112,1,UMBC,1420,16,0.737884101191635
Arizona,1112,1,Utah St,1429,9,0.5
Arizona,1112,1,Vanderbilt,1435,5,0.6581363150480182
Arizona,1112,1,VCU,1433,11,0.6942363401080305
Arizona,1112,1,Villanova,1437,8,0.41338242108267
Arizona,1112,1,Virginia,1438,3,0.7057850278370112
Arizona,1112,1,Wisconsin,1458,5,0.4912508931197597
Arizona,1112,1,Wright St,1460,14,0.5
Arkansas,1116,4,BYU,1140,6,0.8334113864245403
Arkansas,1116,4,Cal Baptist,1465,13,0.5
Arkansas,1116,4,Clemson,1155,8,0.8519528019683106
Connecticut,1163,2,Arkansas,1116,4,0.7359453939271484
Duke,1181,1,Arkansas,1116,4,0.4925005624493796
Florida,1196,1,Arkansas,1116,4,0.5962826992967879
Arkansas,1116,4,Furman,1202,15,0.8623562923985038
Arkansas,1116,4,Georgia,1208,8,0.8122962208104868
Gonzaga,1211,3,Arkansas,1116,4,0.43905454967528373
Arkansas,1116,4,Hawaii,1218,13,0.8429045311145473
Arkansas,1116,4,High Point,1219,12,0.8415758211550443
Arkansas,1116,4,Hofstra,1220,13,0.5
Houston,1222,2,Arkansas,1116,4,0.3418636849519819
Arkansas,1116,4,Howard,1224,16,0.8864518667810223
Arkansas,1116,4,Idaho,1225,15,0.5
Illinois,1228,3,Arkansas,1116,4,0.24973989440488245
Arkansas,1116,4,Iowa,1234,9,0.858756492554925
Iowa St,1235,2,Arkansas,1116,4,0.5
Kansas,1242,4,Arkansas,1116,4,0.3965167501352737
Arkansas,1116,4,Kennesaw,1244,14,0.5
Arkansas,1116,4,Kentucky,1246,7,0.5707716118944918
Arkansas,1116,4,Lehigh,1250,16,0.8770730491671425
Arkansas,1116,4,LIU Brooklyn,1254,16,0.8894366868836957
Arkansas,1116,4,Louisville,1257,6,0.7088901725661199
Arkansas,1116,4,McNeese St,1270,12,0.5
Arkansas,1116,4,Miami FL,1274,7,0.6283161882953663
Arkansas,1116,4,Miami OH,1275,11,0.5
Michigan,1276,1,Arkansas,1116,4,0.6524894621927444
Michigan St,1277,3,Arkansas,1116,4,0.5
Arkansas,1116,4,Missouri,1281,10,0.8864518667810221
Arkansas,1116,4,N Dakota St,1295,14,0.5
Arkansas,1116,4,NC State,1301,11,0.5
Nebraska,1304,4,Arkansas,1116,4,0.26211589880836517
Arkansas,1116,4,North Carolina,1314,6,0.35205919791934975
Arkansas,1116,4,Northern Iowa,1320,12,0.8270696501038614
Arkansas,1116,4,Ohio St,1326,8,0.5
Arkansas,1116,4,Penn,1335,14,0.8647130921617369
Arkansas,1116,4,Prairie View,1341,16,0.5
Purdue,1345,2,Arkansas,1116,4,0.2748805022101769
Arkansas,1116,4,Queens NC,1474,15,0.5
Arkansas,1116,4,Santa Clara,1365,10,0.5
Arkansas,1116,4,Siena,1373,16,0.8770730491671425
Arkansas,1116,4,SMU,1374,11,0.8732494198778592
Arkansas,1116,4,South Florida,1378,11,0.8212735763411496
Arkansas,1116,4,St John's,1385,5,0.5
Arkansas,1116,4,St Louis,1387,9,0.5
Arkansas,1116,4,St Mary's CA,1388,7,0.5
Arkansas,1116,4,TCU,1395,9,0.8292045179776254
Arkansas,1116,4,Tennessee,1397,6,0.7720635494267837
Arkansas,1116,4,Tennessee St,1398,15,0.5
Arkansas,1116,4,Texas,1400,11,0.9152894342692642
Arkansas,1116,4,Texas A&M,1401,10,0.8107667463605056
Arkansas,1116,4,Texas Tech,1403,5,0.6648537304059736
Arkansas,1116,4,Troy,1407,13,0.8563131672411708
Arkansas,1116,4,UCF,1416,10,0.8037659436342208
Arkansas,1116,4,UCLA,1417,7,0.6212835951910678
Arkansas,1116,4,UMBC,1420,16,0.8704563810803216
Arkansas,1116,4,Utah St,1429,9,0.5
Arkansas,1116,4,Vanderbilt,1435,5,0.8212735763411496
Arkansas,1116,4,VCU,1433,11,0.8442241598762525
Arkansas,1116,4,Villanova,1437,8,0.6271477663131956
Virginia,1438,3,Arkansas,1116,4,0.1486789545839074
Arkansas,1116,4,Wisconsin,1458,5,0.6974111143958823
Arkansas,1116,4,Wright St,1460,14,0.5
BYU,1140,6,Cal Baptist,1465,13,0.5
BYU,1140,6,Clemson,1155,8,0.5349429451582145
Connecticut,1163,2,BYU,1140,6,0.9330804329719313
Duke,1181,1,BYU,1140,6,0.8292045179776254
Florida,1196,1,BYU,1140,6,0.8807970779778823
BYU,1140,6,Furman,1202,15,0.5560138905446199
BYU,1140,6,Georgia,1208,8,0.4638133797682053
Gonzaga,1211,3,BYU,1140,6,0.7965711270909327
BYU,1140,6,Hawaii,1218,13,0.5174928576663897
BYU,1140,6,High Point,1219,12,0.5149955016194101
BYU,1140,6,Hofstra,1220,13,0.5
Houston,1222,2,BYU,1140,6,0.7221196058493572
BYU,1140,6,Howard,1224,16,0.6094497836283252
BYU,1140,6,Idaho,1225,15,0.5
Illinois,1228,3,BYU,1140,6,0.6248064744684293
BYU,1140,6,Iowa,1234,9,0.5485961085831343
Iowa St,1235,2,BYU,1140,6,0.5
Kansas,1242,4,BYU,1140,6,0.7667410642285427
BYU,1140,6,Kennesaw,1244,14,0.5
BYU,1140,6,Kentucky,1246,7,0.2099876265736025
BYU,1140,6,Lehigh,1250,16,0.5878295384825115
BYU,1140,6,LIU Brooklyn,1254,16,0.6165665045213193
Louisville,1257,6,BYU,1140,6,0.6726070170677604
BYU,1140,6,McNeese St,1270,12,0.5
BYU,1140,6,Miami FL,1274,7,0.25256097977980013
BYU,1140,6,Miami OH,1275,11,0.5
Michigan,1276,1,BYU,1140,6,0.9037844582893072
Michigan St,1277,3,BYU,1140,6,0.5
BYU,1140,6,Missouri,1281,10,0.6094497836283252
BYU,1140,6,N Dakota St,1295,14,0.5
BYU,1140,6,NC State,1301,11,0.5
Nebraska,1304,4,BYU,1140,6,0.6399160967377341
North Carolina,1314,6,BYU,1140,6,0.9020311957024462
BYU,1140,6,Northern Iowa,1320,12,0.48875189805314523
BYU,1140,6,Ohio St,1326,8,0.5
BYU,1140,6,Penn,1335,14,0.5609454503247162
BYU,1140,6,Prairie View,1341,16,0.5
Purdue,1345,2,BYU,1140,6,0.6547534606063191
BYU,1140,6,Queens NC,1474,15,0.5
BYU,1140,6,Santa Clara,1365,10,0.5
BYU,1140,6,Siena,1373,16,0.5878295384825115
BYU,1140,6,SMU,1374,11,0.5793242521487495
BYU,1140,6,South Florida,1378,11,0.4787627850337259
St John's,1385,5,BYU,1140,6,0.5
BYU,1140,6,St Louis,1387,9,0.5
BYU,1140,6,St Mary's CA,1388,7,0.5
BYU,1140,6,TCU,1395,9,0.4925005624493796
Tennessee,1397,6,BYU,1140,6,0.5962826992967878
BYU,1140,6,Tennessee St,1398,15,0.5
BYU,1140,6,Texas,1400,11,0.6835208937363156
BYU,1140,6,Texas A&M,1401,10,0.46132739479349205
Texas Tech,1403,5,BYU,1140,6,0.7160597938157098
BYU,1140,6,Troy,1407,13,0.5436386872370789
BYU,1140,6,UCF,1416,10,0.45016600268752216
BYU,1140,6,UCLA,1417,7,0.2469399095786624
BYU,1140,6,UMBC,1420,16,0.5732197726798349
BYU,1140,6,Utah St,1429,9,0.5
Vanderbilt,1435,5,BYU,1140,6,0.5212372149662741
BYU,1140,6,VCU,1433,11,0.5199893401555818
BYU,1140,6,Villanova,1437,8,0.2516182783929358
Virginia,1438,3,BYU,1140,6,0.4663011645670992
Wisconsin,1458,5,BYU,1140,6,0.6846015003234307
BYU,1140,6,Wright St,1460,14,0.5
Clemson,1155,8,Cal Baptist,1465,13,0.5
Connecticut,1163,2,Cal Baptist,1465,13,0.5
Duke,1181,1,Cal Baptist,1465,13,0.5
Florida,1196,1,Cal Baptist,1465,13,0.5
Cal Baptist,1465,13,Furman,1202,15,0.5
Georgia,1208,8,Cal Baptist,1465,13,0.5
Gonzaga,1211,3,Cal Baptist,1465,13,0.5
Cal Baptist,1465,13,Hawaii,1218,13,0.5
High Point,1219,12,Cal Baptist,1465,13,0.5
Cal Baptist,1465,13,Hofstra,1220,13,0.5
Houston,1222,2,Cal Baptist,1465,13,0.5
Cal Baptist,1465,13,Howard,1224,16,0.5
Cal Baptist,1465,13,Idaho,1225,15,0.5
Illinois,1228,3,Cal Baptist,1465,13,0.5
Iowa,1234,9,Cal Baptist,1465,13,0.5
Iowa St,1235,2,Cal Baptist,1465,13,0.5
Kansas,1242,4,Cal Baptist,1465,13,0.5
Cal Baptist,1465,13,Kennesaw,1244,14,0.5
Kentucky,1246,7,Cal Baptist,1465,13,0.5
Cal Baptist,1465,13,Lehigh,1250,16,0.5
Cal Baptist,1465,13,LIU Brooklyn,1254,16,0.5
Louisville,1257,6,Cal Baptist,1465,13,0.5
McNeese St,1270,12,Cal Baptist,1465,13,0.5
Miami FL,1274,7,Cal Baptist,1465,13,0.5
Miami OH,1275,11,Cal Baptist,1465,13,0.5
Michigan,1276,1,Cal Baptist,1465,13,0.5
Michigan St,1277,3,Cal Baptist,1465,13,0.5
Missouri,1281,10,Cal Baptist,1465,13,0.5
Cal Baptist,1465,13,N Dakota St,1295,14,0.5
NC State,1301,11,Cal Baptist,1465,13,0.5
Nebraska,1304,4,Cal Baptist,1465,13,0.5
North Carolina,1314,6,Cal Baptist,1465,13,0.5
Northern Iowa,1320,12,Cal Baptist,1465,13,0.5
Ohio St,1326,8,Cal Baptist,1465,13,0.5
Cal Baptist,1465,13,Penn,1335,14,0.5
Cal Baptist,1465,13,Prairie View,1341,16,0.5
Purdue,1345,2,Cal Baptist,1465,13,0.5
Cal Baptist,1465,13,Queens NC,1474,15,0.5
Santa Clara,1365,10,Cal Baptist,1465,13,0.5
Cal Baptist,1465,13,Siena,1373,16,0.5
SMU,1374,11,Cal Baptist,1465,13,0.5
South Florida,1378,11,Cal Baptist,1465,13,0.5
St John's,1385,5,Cal Baptist,1465,13,0.5
St Louis,1387,9,Cal Baptist,1465,13,0.5
St Mary's CA,1388,7,Cal Baptist,1465,13,0.5
TCU,1395,9,Cal Baptist,1465,13,0.5
Tennessee,1397,6,Cal Baptist,1465,13,0.5
Cal Baptist,1465,13,Tennessee St,1398,15,0.5
Texas,1400,11,Cal Baptist,1465,13,0.5
Texas A&M,1401,10,Cal Baptist,1465,13,0.5
Texas Tech,1403,5,Cal Baptist,1465,13,0.5
Cal Baptist,1465,13,Troy,1407,13,0.5
UCF,1416,10,Cal Baptist,1465,13,0.5
UCLA,1417,7,Cal Baptist,1465,13,0.5
Cal Baptist,1465,13,UMBC,1420,16,0.5
Utah St,1429,9,Cal Baptist,1465,13,0.5
Vanderbilt,1435,5,Cal Baptist,1465,13,0.5
VCU,1433,11,Cal Baptist,1465,13,0.5
Villanova,1437,8,Cal Baptist,1465,13,0.5
Virginia,1438,3,Cal Baptist,1465,13,0.5
Wisconsin,1458,5,Cal Baptist,1465,13,0.5
Cal Baptist,1465,13,Wright St,1460,14,0.5
Connecticut,1163,2,Clemson,1155,8,0.9413098250079087
Duke,1181,1,Clemson,1155,8,0.8481288363433407
Florida,1196,1,Clemson,1155,8,0.8947306104774903
Clemson,1155,8,Furman,1202,15,0.5212372149662741
Clemson,1155,8,Georgia,1208,8,0.4292283881055083
Gonzaga,1211,3,Clemson,1155,8,0.8183190246549155
Clemson,1155,8,Hawaii,1218,13,0.48250714233361036
Clemson,1155,8,High Point,1219,12,0.48001065984441826
Clemson,1155,8,Hofstra,1220,13,0.5
Houston,1222,2,Clemson,1155,8,0.7493220844051797
Clemson,1155,8,Howard,1224,16,0.5756643510425494
Clemson,1155,8,Idaho,1225,15,0.5
Illinois,1228,3,Clemson,1155,8,0.6570104626734988
Clemson,1155,8,Iowa,1234,9,0.513746534902355
Iowa St,1235,2,Clemson,1155,8,0.5
Kansas,1242,4,Clemson,1155,8,0.7908406347869367
Clemson,1155,8,Kennesaw,1244,14,0.5
Kentucky,1246,7,Clemson,1155,8,0.8122962208104868
Clemson,1155,8,Lehigh,1250,16,0.5535439031511183
Clemson,1155,8,LIU Brooklyn,1254,16,0.5829754542011996
Louisville,1257,6,Clemson,1155,8,0.7026606543447316
Clemson,1155,8,McNeese St,1270,12,0.5
Miami FL,1274,7,Clemson,1155,8,0.7729422593967386
Clemson,1155,8,Miami OH,1275,11,0.5
Michigan,1276,1,Clemson,1155,8,0.9152894342692642
Michigan St,1277,3,Clemson,1155,8,0.5
Clemson,1155,8,Missouri,1281,10,0.5756643510425494
Clemson,1155,8,N Dakota St,1295,14,0.5
Clemson,1155,8,NC State,1301,11,0.5
Nebraska,1304,4,Clemson,1155,8,0.6715050342254059
North Carolina,1314,6,Clemson,1155,8,0.9137258055040833
Clemson,1155,8,Northern Iowa,1320,12,0.4538814589542204
Clemson,1155,8,Ohio St,1326,8,0.5
Clemson,1155,8,Penn,1335,14,0.5262259093720688
Clemson,1155,8,Prairie View,1341,16,0.5
Purdue,1345,2,Clemson,1155,8,0.6856801139382539
Clemson,1155,8,Queens NC,1474,15,0.5
Clemson,1155,8,Santa Clara,1365,10,0.5
Clemson,1155,8,Siena,1373,16,0.5535439031511183
Clemson,1155,8,SMU,1374,11,0.5448788923735801
Clemson,1155,8,South Florida,1378,11,0.44398610945538003
St John's,1385,5,Clemson,1155,8,0.5
Clemson,1155,8,St Louis,1387,9,0.5
St Mary's CA,1388,7,Clemson,1155,8,0.5
Clemson,1155,8,TCU,1395,9,0.45760205922564895
Tennessee,1397,6,Clemson,1155,8,0.6294831119673949
Clemson,1155,8,Tennessee St,1398,15,0.5
Clemson,1155,8,Texas,1400,11,0.6524894621927444
Clemson,1155,8,Texas A&M,1401,10,0.42678022732016513
Texas Tech,1403,5,Clemson,1155,8,0.7436448917562621
Clemson,1155,8,Troy,1407,13,0.5087491068802403
Clemson,1155,8,UCF,1416,10,0.4158094770645927
UCLA,1417,7,Clemson,1155,8,0.7781641849247005
Clemson,1155,8,UMBC,1420,16,0.5386726052065081
Clemson,1155,8,Utah St,1429,9,0.5
Vanderbilt,1435,5,Clemson,1155,8,0.5560138905446199
Clemson,1155,8,VCU,1433,11,0.4850044983805899
Clemson,1155,8,Villanova,1437,8,0.22618142573054625
Virginia,1438,3,Clemson,1155,8,0.5012499973958399
Wisconsin,1458,5,Clemson,1155,8,0.7140222267773016
Clemson,1155,8,Wright St,1460,14,0.5
Duke,1181,1,Connecticut,1163,2,0.2582661200685688
Florida,1196,1,Connecticut,1163,2,0.346377669100496
Connecticut,1163,2,Furman,1202,15,0.9458332995187639
Connecticut,1163,2,Georgia,1208,8,0.9234378026481879
Connecticut,1163,2,Gonzaga,1211,3,0.7807427479121283
Connecticut,1163,2,Hawaii,1218,13,0.9373210386005553
Connecticut,1163,2,High Point,1219,12,0.9367309598875401
Connecticut,1163,2,Hofstra,1220,13,0.5
Houston,1222,2,Connecticut,1163,2,0.15709546888545273
Connecticut,1163,2,Howard,1224,16,0.9560601846038588
Connecticut,1163,2,Idaho,1225,15,0.5
Connecticut,1163,2,Illinois,1228,3,0.8933094060543487
Connecticut,1163,2,Iowa,1234,9,0.9442756020713345
Connecticut,1163,2,Iowa St,1235,2,0.5
Connecticut,1163,2,Kansas,1242,4,0.8092277361600781
Connecticut,1163,2,Kennesaw,1244,14,0.5
Connecticut,1163,2,Kentucky,1246,7,0.7875131558774608
Connecticut,1163,2,Lehigh,1250,16,0.952120310150081
Connecticut,1163,2,LIU Brooklyn,1254,16,0.9573033557816862
Connecticut,1163,2,Louisville,1257,6,0.8715798305252702
Connecticut,1163,2,McNeese St,1270,12,0.5
Connecticut,1163,2,Miami FL,1274,7,0.8249137318359602
Connecticut,1163,2,Miami OH,1275,11,0.5
Michigan,1276,1,Connecticut,1163,2,0.40251423417298393
Connecticut,1163,2,Michigan St,1277,3,0.5
Connecticut,1163,2,Missouri,1281,10,0.9560601846038588
Connecticut,1163,2,N Dakota St,1295,14,0.5
Connecticut,1163,2,NC State,1301,11,0.5
Connecticut,1163,2,Nebraska,1304,4,0.8869541699279211
Connecticut,1163,2,North Carolina,1314,6,0.6022861768886306
Connecticut,1163,2,Northern Iowa,1320,12,0.9302152171234199
Connecticut,1163,2,Ohio St,1326,8,0.5
Connecticut,1163,2,Penn,1335,14,0.9468488636019362
Connecticut,1163,2,Prairie View,1341,16,0.5
Connecticut,1163,2,Purdue,1345,2,0.8802711097107355
Connecticut,1163,2,Queens NC,1474,15,0.5
Connecticut,1163,2,Santa Clara,1365,10,0.5
Connecticut,1163,2,Siena,1373,16,0.952120310150081
Connecticut,1163,2,SMU,1374,11,0.9504992710835376
Connecticut,1163,2,South Florida,1378,11,0.9275735146384823
Connecticut,1163,2,St John's,1385,5,0.5
Connecticut,1163,2,St Louis,1387,9,0.5
Connecticut,1163,2,St Mary's CA,1388,7,0.5
Connecticut,1163,2,TCU,1395,9,0.9311826787372903
Connecticut,1163,2,Tennessee,1397,6,0.9042183719036723
Connecticut,1163,2,Tennessee St,1398,15,0.5
Connecticut,1163,2,Texas,1400,11,0.9678604327453475
Connecticut,1163,2,Texas A&M,1401,10,0.9227277978633401
Connecticut,1163,2,Texas Tech,1403,5,0.8468362842349139
Connecticut,1163,2,Troy,1407,13,0.9432138191912115
Connecticut,1163,2,UCF,1416,10,0.9194575868828212
Connecticut,1163,2,UCLA,1417,7,0.8205384805926733
Connecticut,1163,2,UMBC,1420,16,0.9493096750687493
Connecticut,1163,2,Utah St,1429,9,0.5
Connecticut,1163,2,Vanderbilt,1435,5,0.9275735146384823
Connecticut,1163,2,VCU,1433,11,0.9379059787516913
Connecticut,1163,2,Villanova,1437,8,0.824190402911071
Connecticut,1163,2,Virginia,1438,3,0.9410329865352083
Connecticut,1163,2,Wisconsin,1458,5,0.8652969480479719
Connecticut,1163,2,Wright St,1460,14,0.5
Duke,1181,1,Florida,1196,1,0.3965167501352737
Duke,1181,1,Furman,1202,15,0.858756492554925
Duke,1181,1,Georgia,1208,8,0.8076791784227771
Duke,1181,1,Gonzaga,1211,3,0.5535439031511183
Duke,1181,1,Hawaii,1218,13,0.8388910504234147
Duke,1181,1,High Point,1219,12,0.8375349374193038
Duke,1181,1,Hofstra,1220,13,0.5
Duke,1181,1,Houston,1222,2,0.6513548646660542
Duke,1181,1,Howard,1224,16,0.8833970308388606
Duke,1181,1,Idaho,1225,15,0.5
Duke,1181,1,Illinois,1228,3,0.7445969158274759
Duke,1181,1,Iowa,1234,9,0.8550783685121771
Duke,1181,1,Iowa St,1235,2,0.5
Duke,1181,1,Kansas,1242,4,0.5962826992967879
Duke,1181,1,Kennesaw,1244,14,0.5
Duke,1181,1,Kentucky,1246,7,0.5634067862621936
Duke,1181,1,Lehigh,1250,16,0.8738018121793163
Duke,1181,1,LIU Brooklyn,1254,16,0.8864518667810221
Duke,1181,1,Louisville,1257,6,0.7026606543447315
Duke,1181,1,McNeese St,1270,12,0.5
Duke,1181,1,Miami FL,1274,7,0.6212835951910678
Duke,1181,1,Miami OH,1275,11,0.5
Duke,1181,1,Michigan,1276,1,0.34073961154861454
Duke,1181,1,Michigan St,1277,3,0.5
Duke,1181,1,Missouri,1281,10,0.8833970308388606
Duke,1181,1,N Dakota St,1295,14,0.5
Duke,1181,1,NC State,1301,11,0.5
Duke,1181,1,Nebraska,1304,4,0.7320405018416317
Duke,1181,1,North Carolina,1314,6,0.34524653939368083
Duke,1181,1,Northern Iowa,1320,12,0.8227366964217431
Duke,1181,1,Ohio St,1326,8,0.5
Duke,1181,1,Penn,1335,14,0.8611650064526928
Duke,1181,1,Prairie View,1341,16,0.5
Duke,1181,1,Purdue,1345,2,0.7190996574163839
Duke,1181,1,Queens NC,1474,15,0.5
Duke,1181,1,Santa Clara,1365,10,0.5
Duke,1181,1,Siena,1373,16,0.8738018121793163
Duke,1181,1,SMU,1374,11,0.8698915256370021
Duke,1181,1,South Florida,1378,11,0.8168275594809488
Duke,1181,1,St John's,1385,5,0.5
Duke,1181,1,St Louis,1387,9,0.5
Duke,1181,1,St Mary's CA,1388,7,0.5
Duke,1181,1,TCU,1395,9,0.8249137318359602
Duke,1181,1,Tennessee,1397,6,0.7667410642285427
Duke,1181,1,Tennessee St,1398,15,0.5
Duke,1181,1,Texas,1400,11,0.9129342275597286
Duke,1181,1,Texas A&M,1401,10,0.8061210621761402
Duke,1181,1,Texas Tech,1403,5,0.6581363150480182
Duke,1181,1,Troy,1407,13,0.8525823389461924
Duke,1181,1,UCF,1416,10,0.7989910002494707
Duke,1181,1,UCLA,1417,7,0.6141996427768951
Duke,1181,1,UMBC,1420,16,0.8670357598021706
Duke,1181,1,Utah St,1429,9,0.5
Duke,1181,1,Vanderbilt,1435,5,0.816827559480949
Duke,1181,1,VCU,1433,11,0.8402380030563309
Duke,1181,1,Villanova,1437,8,0.6201064323430902
Duke,1181,1,Virginia,1438,3,0.8474836831387063
Duke,1181,1,Wisconsin,1458,5,0.6910430124157229
Duke,1181,1,Wright St,1460,14,0.5
Florida,1196,1,Furman,1202,15,0.9024721629592075
Florida,1196,1,Georgia,1208,8,0.8647130921617369
Florida,1196,1,Gonzaga,1211,3,0.653622330899504
Florida,1196,1,Hawaii,1218,13,0.8879529614430097
Florida,1196,1,High Point,1219,12,0.8869541699279211
Florida,1196,1,Hofstra,1220,13,0.5
Florida,1196,1,Houston,1222,2,0.7398136066696879
Florida,1196,1,Howard,1224,16,0.9201950407592125
Florida,1196,1,Idaho,1225,15,0.5
Florida,1196,1,Illinois,1228,3,0.8160782725804957
Florida,1196,1,Iowa,1234,9,0.8997996098089893
Florida,1196,1,Iowa St,1235,2,0.5
Florida,1196,1,Kansas,1242,4,0.6921095043017882
Florida,1196,1,Kennesaw,1244,14,0.5
Florida,1196,1,Kentucky,1246,7,0.6626218371700825
Florida,1196,1,Lehigh,1250,16,0.9133308344891328
Florida,1196,1,LIU Brooklyn,1254,16,0.9223705374435115
Florida,1196,1,Louisville,1257,6,0.7824497764231124
Florida,1196,1,McNeese St,1270,12,0.5
Florida,1196,1,Miami FL,1274,7,0.7140222267773016
Florida,1196,1,Miami OH,1275,11,0.5
Michigan,1276,1,Florida,1196,1,0.5597136492671929
Florida,1196,1,Michigan St,1277,3,0.5
Florida,1196,1,Missouri,1281,10,0.9201950407592125
Florida,1196,1,N Dakota St,1295,14,0.5
Florida,1196,1,NC State,1301,11,0.5
Florida,1196,1,Nebraska,1304,4,0.8061210621761402
Florida,1196,1,North Carolina,1314,6,0.4452207648927852
Florida,1196,1,Northern Iowa,1320,12,0.8759908182286018
Florida,1196,1,Ohio St,1326,8,0.5
Florida,1196,1,Penn,1335,14,0.9042183719036723
Florida,1196,1,Prairie View,1341,16,0.5
Florida,1196,1,Purdue,1345,2,0.7957596977159083
Florida,1196,1,Queens NC,1474,15,0.5
Florida,1196,1,Santa Clara,1365,10,0.5
Florida,1196,1,Siena,1373,16,0.9133308344891328
Florida,1196,1,SMU,1374,11,0.9105199406664386
Florida,1196,1,South Florida,1378,11,0.8715798305252702
Florida,1196,1,St John's,1385,5,0.5
Florida,1196,1,St Louis,1387,9,0.5
Florida,1196,1,St Mary's CA,1388,7,0.5
Florida,1196,1,TCU,1395,9,0.8776111131769512
Florida,1196,1,Tennessee,1397,6,0.8334113864245404
Florida,1196,1,Tennessee St,1398,15,0.5
Florida,1196,1,Texas,1400,11,0.9410329865352083
Florida,1196,1,Texas A&M,1401,10,0.8635389761872861
Florida,1196,1,Texas Tech,1403,5,0.7455466141264027
Florida,1196,1,Troy,1407,13,0.8979819308108695
Florida,1196,1,UCF,1416,10,0.8581489350995123
Florida,1196,1,UCLA,1417,7,0.7078572714244814
Florida,1196,1,UMBC,1420,16,0.9084620937066751
Florida,1196,1,Utah St,1429,9,0.5
Florida,1196,1,Vanderbilt,1435,5,0.8715798305252702
Florida,1196,1,VCU,1433,11,0.8889440332885924
Florida,1196,1,Villanova,1437,8,0.7130001627522816
Florida,1196,1,Virginia,1438,3,0.8942587414290022
Florida,1196,1,Wisconsin,1458,5,0.7729422593967386
Florida,1196,1,Wright St,1460,14,0.5
Georgia,1208,8,Furman,1202,15,0.5914589784327801
Gonzaga,1211,3,Furman,1202,15,0.8306161030659813
Hawaii,1218,13,Furman,1202,15,0.538672605206508
High Point,1219,12,Furman,1202,15,0.5411566681502281
Hofstra,1220,13,Furman,1202,15,0.5
Houston,1222,2,Furman,1202,15,0.7649478037637648
Furman,1202,15,Howard,1224,16,0.5547792351072148
Idaho,1225,15,Furman,1202,15,0.5
Illinois,1228,3,Furman,1202,15,0.6759015277259408
Iowa,1234,9,Furman,1202,15,0.5074994375506204
Iowa St,1235,2,Furman,1202,15,0.5
Kansas,1242,4,Furman,1202,15,0.8045533772735622
Kennesaw,1244,14,Furman,1202,15,0.5
Kentucky,1246,7,Furman,1202,15,0.8249137318359602
Furman,1202,15,Lehigh,1250,16,0.5324543063873187
Furman,1202,15,LIU Brooklyn,1254,16,0.5621765008857981
Louisville,1257,6,Furman,1202,15,0.7201085268004915
McNeese St,1270,12,Furman,1202,15,0.5
Miami FL,1274,7,Furman,1202,15,0.7875131558774608
Miami OH,1275,11,Furman,1202,15,0.5
Michigan,1276,1,Furman,1202,15,0.9216514750369404
Michigan St,1277,3,Furman,1202,15,0.5
Missouri,1281,10,Furman,1202,15,0.4452207648927852
N Dakota St,1295,14,Furman,1202,15,0.5
NC State,1301,11,Furman,1202,15,0.5
Nebraska,1304,4,Furman,1202,15,0.6899744811276125
North Carolina,1314,6,Furman,1202,15,0.9201950407592125
Northern Iowa,1320,12,Furman,1202,15,0.5670929049654543
Ohio St,1326,8,Furman,1202,15,0.5
Penn,1335,14,Furman,1202,15,0.4950001666600003
Furman,1202,15,Prairie View,1341,16,0.5
Purdue,1345,2,Furman,1202,15,0.7037042379997707
Furman,1202,15,Queens NC,1474,15,0.5
Santa Clara,1365,10,Furman,1202,15,0.5
Furman,1202,15,Siena,1373,16,0.5324543063873187
SMU,1374,11,Furman,1202,15,0.4762678458734389
South Florida,1378,11,Furman,1202,15,0.5768852611320463
St John's,1385,5,Furman,1202,15,0.5
St Louis,1387,9,Furman,1202,15,0.5
St Mary's CA,1388,7,Furman,1202,15,0.5
TCU,1395,9,Furman,1202,15,0.5634067862621936
Tennessee,1397,6,Furman,1202,15,0.6490805242445733
Tennessee St,1398,15,Furman,1202,15,0.5
Texas,1400,11,Furman,1202,15,0.36702522331953935
Texas A&M,1401,10,Furman,1202,15,0.5938731029341427
Texas Tech,1403,5,Furman,1202,15,0.759510916949111
Troy,1407,13,Furman,1202,15,0.5124973964842103
UCF,1416,10,Furman,1202,15,0.6046790847140093
UCLA,1417,7,Furman,1202,15,0.7924899414403643
Furman,1202,15,UMBC,1420,16,0.5174928576663897
Utah St,1429,9,Furman,1202,15,0.5
Vanderbilt,1435,5,Furman,1202,15,0.5768852611320463
VCU,1433,11,Furman,1202,15,0.5361866202317948
Villanova,1437,8,Furman,1202,15,0.788348634008099
Virginia,1438,3,Furman,1202,15,0.5224848247918001
Wisconsin,1458,5,Furman,1202,15,0.7310585786300049
Wright St,1460,14,Furman,1202,15,0.5
Gonzaga,1211,3,Georgia,1208,8,0.7720635494267837
Georgia,1208,8,Hawaii,1218,13,0.5535439031511183
Georgia,1208,8,High Point,1219,12,0.551071269307342
Georgia,1208,8,Hofstra,1220,13,0.5
Houston,1222,2,Georgia,1208,8,0.6921095043017882
Georgia,1208,8,Howard,1224,16,0.6433651456944018
Georgia,1208,8,Idaho,1225,15,0.5
Illinois,1228,3,Georgia,1208,8,0.5902502519301834
Georgia,1208,8,Iowa,1234,9,0.5841905229354073
Iowa St,1235,2,Georgia,1208,8,0.5
Kansas,1242,4,Georgia,1208,8,0.7398136066696879
Georgia,1208,8,Kennesaw,1244,14,0.5
Kentucky,1246,7,Georgia,1208,8,0.7649478037637648
Georgia,1208,8,Lehigh,1250,16,0.6224593312018546
Georgia,1208,8,LIU Brooklyn,1254,16,0.6502185485738271
Louisville,1257,6,Georgia,1208,8,0.6399160967377341
Georgia,1208,8,McNeese St,1270,12,0.5
Miami FL,1274,7,Georgia,1208,8,0.7190996574163839
Georgia,1208,8,Miami OH,1275,11,0.5
Michigan,1276,1,Georgia,1208,8,0.8904162545937
Michigan St,1277,3,Georgia,1208,8,0.5
Georgia,1208,8,Missouri,1281,10,0.6433651456944017
Georgia,1208,8,N Dakota St,1295,14,0.5
Georgia,1208,8,NC State,1301,11,0.5
Nebraska,1304,4,Georgia,1208,8,0.6058736684317606
North Carolina,1314,6,Georgia,1208,8,0.8884494598171035
Georgia,1208,8,Northern Iowa,1320,12,0.52497918747894
Ohio St,1326,8,Georgia,1208,8,0.5
Georgia,1208,8,Penn,1335,14,0.5962826992967879
Georgia,1208,8,Prairie View,1341,16,0.5
Purdue,1345,2,Georgia,1208,8,0.6212835951910678
Georgia,1208,8,Queens NC,1474,15,0.5
Georgia,1208,8,Santa Clara,1365,10,0.5
Georgia,1208,8,Siena,1373,16,0.6224593312018546
Georgia,1208,8,SMU,1374,11,0.6141996427768951
Georgia,1208,8,South Florida,1378,11,0.5149955016194101
St John's,1385,5,Georgia,1208,8,0.5
Georgia,1208,8,St Louis,1387,9,0.5
St Mary's CA,1388,7,Georgia,1208,8,0.5
Georgia,1208,8,TCU,1395,9,0.5287183569514396
Tennessee,1397,6,Georgia,1208,8,0.5609454503247162
Georgia,1208,8,Tennessee St,1398,15,0.5
Georgia,1208,8,Texas,1400,11,0.7140222267773016
Georgia,1208,8,Texas A&M,1401,10,0.49750002083312506
Texas Tech,1403,5,Georgia,1208,8,0.6856801139382539
Georgia,1208,8,Troy,1407,13,0.5793242521487495
Georgia,1208,8,UCF,1416,10,0.486253465097645
UCLA,1417,7,Georgia,1208,8,0.7251194977898231
Georgia,1208,8,UMBC,1420,16,0.6082590307465144
Georgia,1208,8,Utah St,1429,9,0.5
Vanderbilt,1435,5,Georgia,1208,8,0.4850044983805899
Georgia,1208,8,VCU,1433,11,0.5560138905446199
Villanova,1437,8,Georgia,1208,8,0.7201085268004915
Virginia,1438,3,Georgia,1208,8,0.43045377606077095
Wisconsin,1458,5,Georgia,1208,8,0.6524894621927444
Georgia,1208,8,Wright St,1460,14,0.5
Gonzaga,1211,3,Hawaii,1218,13,0.8076791784227771
Gonzaga,1211,3,High Point,1219,12,0.8061210621761402
Gonzaga,1211,3,Hofstra,1220,13,0.5
Houston,1222,2,Gonzaga,1211,3,0.3989121211516302
Gonzaga,1211,3,Howard,1224,16,0.8593618742658659
Gonzaga,1211,3,Idaho,1225,15,0.5
Illinois,1228,3,Gonzaga,1211,3,0.29838504638459934
Gonzaga,1211,3,Iowa,1234,9,0.826353352980995
Iowa St,1235,2,Gonzaga,1211,3,0.5
Gonzaga,1211,3,Kansas,1242,4,0.5436386872370789
Gonzaga,1211,3,Kennesaw,1244,14,0.5
Gonzaga,1211,3,Kentucky,1246,7,0.5099986668799655
Gonzaga,1211,3,Lehigh,1250,16,0.8481288363433407
Gonzaga,1211,3,LIU Brooklyn,1254,16,0.8629487074245404
Gonzaga,1211,3,Louisville,1257,6,0.6558828412078137
Gonzaga,1211,3,McNeese St,1270,12,0.5
Gonzaga,1211,3,Miami FL,1274,7,0.569546223939229
Gonzaga,1211,3,Miami OH,1275,11,0.5
Michigan,1276,1,Gonzaga,1211,3,0.7057850278370112
Michigan St,1277,3,Gonzaga,1211,3,0.5
Gonzaga,1211,3,Missouri,1281,10,0.8593618742658659
Gonzaga,1211,3,N Dakota St,1295,14,0.5
Gonzaga,1211,3,NC State,1301,11,0.5
Gonzaga,1211,3,Nebraska,1304,4,0.6878313305828404
Gonzaga,1211,3,North Carolina,1314,6,0.29838504638459934
Gonzaga,1211,3,Northern Iowa,1320,12,0.789181706522253
Gonzaga,1211,3,Ohio St,1326,8,0.5
Gonzaga,1211,3,Penn,1335,14,0.8334113864245404
Gonzaga,1211,3,Prairie View,1341,16,0.5
Purdue,1345,2,Gonzaga,1211,3,0.3262929005454786
Gonzaga,1211,3,Queens NC,1474,15,0.5
Gonzaga,1211,3,Santa Clara,1365,10,0.5
Gonzaga,1211,3,Siena,1373,16,0.8481288363433407
Gonzaga,1211,3,SMU,1374,11,0.8435654789402574
Gonzaga,1211,3,South Florida,1378,11,0.7824497764231124
Gonzaga,1211,3,St John's,1385,5,0.5
Gonzaga,1211,3,St Louis,1387,9,0.5
Gonzaga,1211,3,St Mary's CA,1388,7,0.5
Gonzaga,1211,3,TCU,1395,9,0.7916664907298545
Gonzaga,1211,3,Tennessee,1397,6,0.7261149812607791
Gonzaga,1211,3,Tennessee St,1398,15,0.5
Gonzaga,1211,3,Texas,1400,11,0.8942587414290022
Gonzaga,1211,3,Texas A&M,1401,10,0.7702989490466019
Gonzaga,1211,3,Texas Tech,1403,5,0.6082590307465143
Gonzaga,1211,3,Troy,1407,13,0.8234647252208833
Gonzaga,1211,3,UCF,1416,10,0.7622400534271092
Gonzaga,1211,3,UCLA,1417,7,0.5621765008857981
Gonzaga,1211,3,UMBC,1420,16,0.8402380030563309
Gonzaga,1211,3,Utah St,1429,9,0.5
Gonzaga,1211,3,Vanderbilt,1435,5,0.7824497764231124
Gonzaga,1211,3,VCU,1433,11,0.809227736160078
Gonzaga,1211,3,Villanova,1437,8,0.5683199834782481
Gonzaga,1211,3,Virginia,1438,3,0.8175744761936437
Gonzaga,1211,3,Wisconsin,1458,5,0.6433651456944017
Gonzaga,1211,3,Wright St,1460,14,0.5
High Point,1219,12,Hawaii,1218,13,0.5024999791668749
Hofstra,1220,13,Hawaii,1218,13,0.5
Houston,1222,2,Hawaii,1218,13,0.7359453939271485
Hawaii,1218,13,Howard,1224,16,0.5926665999540698
Hawaii,1218,13,Idaho,1225,15,0.5
Illinois,1228,3,Hawaii,1218,13,0.6410674063348171
Iowa,1234,9,Hawaii,1218,13,0.46879062662624377
Iowa St,1235,2,Hawaii,1218,13,0.5
Kansas,1242,4,Hawaii,1218,13,0.7790261077798122
Hawaii,1218,13,Kennesaw,1244,14,0.5
Kentucky,1246,7,Hawaii,1218,13,0.8013892651145572
Hawaii,1218,13,Lehigh,1250,16,0.5707716118944918
Hawaii,1218,13,LIU Brooklyn,1254,16,0.5998883688639983
Louisville,1257,6,Hawaii,1218,13,0.6878313305828404
McNeese St,1270,12,Hawaii,1218,13,0.5
Miami FL,1274,7,Hawaii,1218,13,0.7604230019887311
Miami OH,1275,11,Hawaii,1218,13,0.5
Michigan,1276,1,Hawaii,1218,13,0.9097018552970803
Michigan St,1277,3,Hawaii,1218,13,0.5
Missouri,1281,10,Hawaii,1218,13,0.40733340004593027
Hawaii,1218,13,N Dakota St,1295,14,0.5
NC State,1301,11,Hawaii,1218,13,0.5
Nebraska,1304,4,Hawaii,1218,13,0.6558828412078137
North Carolina,1314,6,Hawaii,1218,13,0.9080454500689956
Northern Iowa,1320,12,Hawaii,1218,13,0.5287183569514396
Ohio St,1326,8,Hawaii,1218,13,0.5
Hawaii,1218,13,Penn,1335,14,0.5436386872370789
Hawaii,1218,13,Prairie View,1341,16,0.5
Purdue,1345,2,Hawaii,1218,13,0.6704011598088686
Hawaii,1218,13,Queens NC,1474,15,0.5
Santa Clara,1365,10,Hawaii,1218,13,0.5
Hawaii,1218,13,Siena,1373,16,0.5707716118944918
SMU,1374,11,Hawaii,1218,13,0.43782349911420193
South Florida,1378,11,Hawaii,1218,13,0.538672605206508
St John's,1385,5,Hawaii,1218,13,0.5
St Louis,1387,9,Hawaii,1218,13,0.5
St Mary's CA,1388,7,Hawaii,1218,13,0.5
TCU,1395,9,Hawaii,1218,13,0.52497918747894
Tennessee,1397,6,Hawaii,1218,13,0.6130141761393355
Hawaii,1218,13,Tennessee St,1398,15,0.5
Texas,1400,11,Hawaii,1218,13,0.3318122278318339
Texas A&M,1401,10,Hawaii,1218,13,0.5560138905446199
Texas Tech,1403,5,Hawaii,1218,13,0.7300743839811188
Troy,1407,13,Hawaii,1218,13,0.4737740906279313
UCF,1416,10,Hawaii,1218,13,0.5670929049654543
UCLA,1417,7,Hawaii,1218,13,0.7658456258197971
Hawaii,1218,13,UMBC,1420,16,0.5560138905446199
Utah St,1429,9,Hawaii,1218,13,0.5
Vanderbilt,1435,5,Hawaii,1218,13,0.5386726052065081
VCU,1433,11,Hawaii,1218,13,0.49750002083312506
Villanova,1437,8,Hawaii,1218,13,0.7613327148429104
Virginia,1438,3,Hawaii,1218,13,0.48375571893792757
Wisconsin,1458,5,Hawaii,1218,13,0.6995172276624275
Hawaii,1218,13,Wright St,1460,14,0.5
High Point,1219,12,Hofstra,1220,13,0.5
Houston,1222,2,High Point,1219,12,0.7339975165215696
High Point,1219,12,Howard,1224,16,0.595078473866134
High Point,1219,12,Idaho,1225,15,0.5
Illinois,1228,3,High Point,1219,12,0.6387631751488418
Iowa,1234,9,High Point,1219,12,0.46630116456709925
Iowa St,1235,2,High Point,1219,12,0.5
Kansas,1242,4,High Point,1219,12,0.7772998611746911
High Point,1219,12,Kennesaw,1244,14,0.5
Kentucky,1246,7,High Point,1219,12,0.7997928218007208
High Point,1219,12,Lehigh,1250,16,0.5732197726798349
High Point,1219,12,LIU Brooklyn,1254,16,0.6022861768886306
Louisville,1257,6,High Point,1219,12,0.6856801139382539
McNeese St,1270,12,High Point,1219,12,0.5
Miami FL,1274,7,High Point,1219,12,0.7585964618789349
Miami OH,1275,11,High Point,1219,12,0.5
Michigan,1276,1,High Point,1219,12,0.9088770389851438
Michigan St,1277,3,High Point,1219,12,0.5
Missouri,1281,10,High Point,1219,12,0.40492152613386606
High Point,1219,12,N Dakota St,1295,14,0.5
NC State,1301,11,High Point,1219,12,0.5
Nebraska,1304,4,High Point,1219,12,0.653622330899504
North Carolina,1314,6,High Point,1219,12,0.907207046882843
Northern Iowa,1320,12,High Point,1219,12,0.5262259093720687
Ohio St,1326,8,High Point,1219,12,0.5
High Point,1219,12,Penn,1335,14,0.5461185410457796
High Point,1219,12,Prairie View,1341,16,0.5
Purdue,1345,2,High Point,1219,12,0.6681877721681662
High Point,1219,12,Queens NC,1474,15,0.5
Santa Clara,1365,10,High Point,1219,12,0.5
High Point,1219,12,Siena,1373,16,0.5732197726798349
SMU,1374,11,High Point,1219,12,0.4353637081969708
South Florida,1378,11,High Point,1219,12,0.5361866202317948
St John's,1385,5,High Point,1219,12,0.5
St Louis,1387,9,High Point,1219,12,0.5
St Mary's CA,1388,7,High Point,1219,12,0.5
TCU,1395,9,High Point,1219,12,0.5224848247918001
Tennessee,1397,6,High Point,1219,12,0.610639233949222
High Point,1219,12,Tennessee St,1398,15,0.5
Texas,1400,11,High Point,1219,12,0.3295988401911314
Texas A&M,1401,10,High Point,1219,12,0.5535439031511183
Texas Tech,1403,5,High Point,1219,12,0.7280991982662492
High Point,1219,12,Troy,1407,13,0.5287183569514396
UCF,1416,10,High Point,1219,12,0.5646362918030292
UCLA,1417,7,High Point,1219,12,0.7640475997974661
High Point,1219,12,UMBC,1420,16,0.5584811124381613
Utah St,1429,9,High Point,1219,12,0.5
Vanderbilt,1435,5,High Point,1219,12,0.5361866202317948
VCU,1433,11,High Point,1219,12,0.4950001666600003
Villanova,1437,8,High Point,1219,12,0.759510916949111
Virginia,1438,3,High Point,1219,12,0.4812587841214648
Wisconsin,1458,5,High Point,1219,12,0.6974111143958823
High Point,1219,12,Wright St,1460,14,0.5
Houston,1222,2,Hofstra,1220,13,0.5
Hofstra,1220,13,Howard,1224,16,0.5
Hofstra,1220,13,Idaho,1225,15,0.5
Illinois,1228,3,Hofstra,1220,13,0.5
Iowa,1234,9,Hofstra,1220,13,0.5
Iowa St,1235,2,Hofstra,1220,13,0.5
Kansas,1242,4,Hofstra,1220,13,0.5
Hofstra,1220,13,Kennesaw,1244,14,0.5
Kentucky,1246,7,Hofstra,1220,13,0.5
Hofstra,1220,13,Lehigh,1250,16,0.5
Hofstra,1220,13,LIU Brooklyn,1254,16,0.5
Louisville,1257,6,Hofstra,1220,13,0.5
McNeese St,1270,12,Hofstra,1220,13,0.5
Miami FL,1274,7,Hofstra,1220,13,0.5
Miami OH,1275,11,Hofstra,1220,13,0.5
Michigan,1276,1,Hofstra,1220,13,0.5
Michigan St,1277,3,Hofstra,1220,13,0.5
Missouri,1281,10,Hofstra,1220,13,0.5
Hofstra,1220,13,N Dakota St,1295,14,0.5
NC State,1301,11,Hofstra,1220,13,0.5
Nebraska,1304,4,Hofstra,1220,13,0.5
North Carolina,1314,6,Hofstra,1220,13,0.5
Northern Iowa,1320,12,Hofstra,1220,13,0.5
Ohio St,1326,8,Hofstra,1220,13,0.5
Hofstra,1220,13,Penn,1335,14,0.5
Hofstra,1220,13,Prairie View,1341,16,0.5
Purdue,1345,2,Hofstra,1220,13,0.5
Hofstra,1220,13,Queens NC,1474,15,0.5
Santa Clara,1365,10,Hofstra,1220,13,0.5
Hofstra,1220,13,Siena,1373,16,0.5
SMU,1374,11,Hofstra,1220,13,0.5
South Florida,1378,11,Hofstra,1220,13,0.5
St John's,1385,5,Hofstra,1220,13,0.5
St Louis,1387,9,Hofstra,1220,13,0.5
St Mary's CA,1388,7,Hofstra,1220,13,0.5
TCU,1395,9,Hofstra,1220,13,0.5
Tennessee,1397,6,Hofstra,1220,13,0.5
Hofstra,1220,13,Tennessee St,1398,15,0.5
Texas,1400,11,Hofstra,1220,13,0.5
Texas A&M,1401,10,Hofstra,1220,13,0.5
Texas Tech,1403,5,Hofstra,1220,13,0.5
Hofstra,1220,13,Troy,1407,13,0.5
UCF,1416,10,Hofstra,1220,13,0.5
UCLA,1417,7,Hofstra,1220,13,0.5
Hofstra,1220,13,UMBC,1420,16,0.5
Utah St,1429,9,Hofstra,1220,13,0.5
Vanderbilt,1435,5,Hofstra,1220,13,0.5
VCU,1433,11,Hofstra,1220,13,0.5
Villanova,1437,8,Hofstra,1220,13,0.5
Virginia,1438,3,Hofstra,1220,13,0.5
Wisconsin,1458,5,Hofstra,1220,13,0.5
Hofstra,1220,13,Wright St,1460,14,0.5
Houston,1222,2,Howard,1224,16,0.8021838885585818
Houston,1222,2,Idaho,1225,15,0.5
Houston,1222,2,Illinois,1228,3,0.6094497836283251
Houston,1222,2,Iowa,1234,9,0.759510916949111
Houston,1222,2,Iowa St,1235,2,0.5
Houston,1222,2,Kansas,1242,4,0.44151888756183866
Houston,1222,2,Kennesaw,1244,14,0.5
Houston,1222,2,Kentucky,1246,7,0.40854102156721994
Houston,1222,2,Lehigh,1250,16,0.7875131558774608
Houston,1222,2,LIU Brooklyn,1254,16,0.8069013157667836
Houston,1222,2,Louisville,1257,6,0.5584811124381613
Houston,1222,2,McNeese St,1270,12,0.5
Houston,1222,2,Miami FL,1274,7,0.4675456936126812
Houston,1222,2,Miami OH,1275,11,0.5
Michigan,1276,1,Houston,1222,2,0.7832996849890409
Houston,1222,2,Michigan St,1277,3,0.5
Houston,1222,2,Missouri,1281,10,0.8021838885585817
Houston,1222,2,N Dakota St,1295,14,0.5
Houston,1222,2,NC State,1301,11,0.5
Houston,1222,2,Nebraska,1304,4,0.5938731029341427
Houston,1222,2,North Carolina,1314,6,0.22011437099927422
Houston,1222,2,Northern Iowa,1320,12,0.7130001627522816
Houston,1222,2,Ohio St,1326,8,0.5
Houston,1222,2,Penn,1335,14,0.7685247834990178
Houston,1222,2,Prairie View,1341,16,0.5
Houston,1222,2,Purdue,1345,2,0.5781052328843092
Houston,1222,2,Queens NC,1474,15,0.5
Houston,1222,2,Santa Clara,1365,10,0.5
Houston,1222,2,Siena,1373,16,0.7875131558774608
Houston,1222,2,SMU,1374,11,0.7815974639023655
Houston,1222,2,South Florida,1378,11,0.7047456979980911
Houston,1222,2,St John's,1385,5,0.5
Houston,1222,2,St Louis,1387,9,0.5
Houston,1222,2,St Mary's CA,1388,7,0.5
Houston,1222,2,TCU,1395,9,0.7160597938157098
Houston,1222,2,Tennessee,1397,6,0.637608652621925
Houston,1222,2,Tennessee St,1398,15,0.5
Houston,1222,2,Texas,1400,11,0.8487717474909259
Houston,1222,2,Texas A&M,1401,10,0.6899744811276125
Houston,1222,2,Texas Tech,1403,5,0.5074994375506203
Houston,1222,2,Troy,1407,13,0.7558388990947971
Houston,1222,2,UCF,1416,10,0.6802671966986485
Houston,1222,2,UCLA,1417,7,0.46008511544443437
Houston,1222,2,UMBC,1420,16,0.7772998611746911
Houston,1222,2,Utah St,1429,9,0.5
Houston,1222,2,Vanderbilt,1435,5,0.7047456979980911
Houston,1222,2,VCU,1433,11,0.737884101191635
Houston,1222,2,Villanova,1437,8,0.46630116456709925
Houston,1222,2,Virginia,1438,3,0.7483817216070642
Houston,1222,2,Wisconsin,1458,5,0.5448788923735801
Houston,1222,2,Wright St,1460,14,0.5
Idaho,1225,15,Howard,1224,16,0.5
Illinois,1228,3,Howard,1224,16,0.7221196058493572
Iowa,1234,9,Howard,1224,16,0.5621765008857982
Iowa St,1235,2,Howard,1224,16,0.5
Kansas,1242,4,Howard,1224,16,0.8368534378594309
Kennesaw,1244,14,Howard,1224,16,0.5
Kentucky,1246,7,Howard,1224,16,0.8544576710630347
Howard,1224,16,Lehigh,1250,16,0.4775151752081999
LIU Brooklyn,1254,16,Howard,1224,16,0.4925005624493796
Louisville,1257,6,Howard,1224,16,0.7622400534271092
McNeese St,1270,12,Howard,1224,16,0.5
Miami FL,1274,7,Howard,1224,16,0.8220063142137535
Miami OH,1275,11,Howard,1224,16,0.5
Michigan,1276,1,Howard,1224,16,0.9361357044966537
Michigan St,1277,3,Howard,1224,16,0.5
Missouri,1281,10,Howard,1224,16,0.5000000000000001
N Dakota St,1295,14,Howard,1224,16,0.5
NC State,1301,11,Howard,1224,16,0.5
Nebraska,1304,4,Howard,1224,16,0.7349725994665189
North Carolina,1314,6,Howard,1224,16,0.9349295104719748
Northern Iowa,1320,12,Howard,1224,16,0.6201064323430902
Ohio St,1326,8,Howard,1224,16,0.5
Penn,1335,14,Howard,1224,16,0.549833997312478
Howard,1224,16,Prairie View,1341,16,0.5
Purdue,1345,2,Howard,1224,16,0.7474390202202
Queens NC,1474,15,Howard,1224,16,0.5
Santa Clara,1365,10,Howard,1224,16,0.5
Siena,1373,16,Howard,1224,16,0.5224848247918001
SMU,1374,11,Howard,1224,16,0.5312093733737563
South Florida,1378,11,Howard,1224,16,0.6294831119673949
St John's,1385,5,Howard,1224,16,0.5
St Louis,1387,9,Howard,1224,16,0.5
St Mary's CA,1388,7,Howard,1224,16,0.5
TCU,1395,9,Howard,1224,16,0.6165665045213193
Tennessee,1397,6,Howard,1224,16,0.6974111143958823
Tennessee St,1398,15,Howard,1224,16,0.5
Texas,1400,11,Howard,1224,16,0.41945769517934034
Texas A&M,1401,10,Howard,1224,16,0.6456563062257954
Texas Tech,1403,5,Howard,1224,16,0.7973801535688696
Troy,1407,13,Howard,1224,16,0.5670929049654543
UCF,1416,10,Howard,1224,16,0.6558828412078138
UCLA,1417,7,Howard,1224,16,0.826353352980995
Howard,1224,16,UMBC,1420,16,0.46257015465625045
Utah St,1429,9,Howard,1224,16,0.5
Vanderbilt,1435,5,Howard,1224,16,0.6294831119673949
VCU,1433,11,Howard,1224,16,0.5902502519301834
Villanova,1437,8,Howard,1224,16,0.8227366964217431
Virginia,1438,3,Howard,1224,16,0.5768852611320463
Wisconsin,1458,5,Howard,1224,16,0.7720635494267837
Wright St,1460,14,Howard,1224,16,0.5
Illinois,1228,3,Idaho,1225,15,0.5
Iowa,1234,9,Idaho,1225,15,0.5
Iowa St,1235,2,Idaho,1225,15,0.5
Kansas,1242,4,Idaho,1225,15,0.5
Kennesaw,1244,14,Idaho,1225,15,0.5
Kentucky,1246,7,Idaho,1225,15,0.5
Idaho,1225,15,Lehigh,1250,16,0.5
Idaho,1225,15,LIU Brooklyn,1254,16,0.5
Louisville,1257,6,Idaho,1225,15,0.5
McNeese St,1270,12,Idaho,1225,15,0.5
Miami FL,1274,7,Idaho,1225,15,0.5
Miami OH,1275,11,Idaho,1225,15,0.5
Michigan,1276,1,Idaho,1225,15,0.5
Michigan St,1277,3,Idaho,1225,15,0.5
Missouri,1281,10,Idaho,1225,15,0.5
N Dakota St,1295,14,Idaho,1225,15,0.5
NC State,1301,11,Idaho,1225,15,0.5
Nebraska,1304,4,Idaho,1225,15,0.5
North Carolina,1314,6,Idaho,1225,15,0.5
Northern Iowa,1320,12,Idaho,1225,15,0.5
Ohio St,1326,8,Idaho,1225,15,0.5
Penn,1335,14,Idaho,1225,15,0.5
Idaho,1225,15,Prairie View,1341,16,0.5
Purdue,1345,2,Idaho,1225,15,0.5
Idaho,1225,15,Queens NC,1474,15,0.5
Santa Clara,1365,10,Idaho,1225,15,0.5
Idaho,1225,15,Siena,1373,16,0.5
SMU,1374,11,Idaho,1225,15,0.5
South Florida,1378,11,Idaho,1225,15,0.5
St John's,1385,5,Idaho,1225,15,0.5
St Louis,1387,9,Idaho,1225,15,0.5
St Mary's CA,1388,7,Idaho,1225,15,0.5
TCU,1395,9,Idaho,1225,15,0.5
Tennessee,1397,6,Idaho,1225,15,0.5
Tennessee St,1398,15,Idaho,1225,15,0.5
Texas,1400,11,Idaho,1225,15,0.5
Texas A&M,1401,10,Idaho,1225,15,0.5
Texas Tech,1403,5,Idaho,1225,15,0.5
Troy,1407,13,Idaho,1225,15,0.5
UCF,1416,10,Idaho,1225,15,0.5
UCLA,1417,7,Idaho,1225,15,0.5
Idaho,1225,15,UMBC,1420,16,0.5
Utah St,1429,9,Idaho,1225,15,0.5
Vanderbilt,1435,5,Idaho,1225,15,0.5
VCU,1433,11,Idaho,1225,15,0.5
Villanova,1437,8,Idaho,1225,15,0.5
Virginia,1438,3,Idaho,1225,15,0.5
Wisconsin,1458,5,Idaho,1225,15,0.5
Wright St,1460,14,Idaho,1225,15,0.5
Illinois,1228,3,Iowa,1234,9,0.6692954027774461
Iowa St,1235,2,Illinois,1228,3,0.5
Illinois,1228,3,Kansas,1242,4,0.3362613025956473
Illinois,1228,3,Kennesaw,1244,14,0.5
Illinois,1228,3,Kentucky,1246,7,0.3068260506740499
Illinois,1228,3,Lehigh,1250,16,0.7037042379997707
Illinois,1228,3,LIU Brooklyn,1254,16,0.7280991982662492
Illinois,1228,3,Louisville,1257,6,0.4476920904256748
Illinois,1228,3,McNeese St,1270,12,0.5
Illinois,1228,3,Miami FL,1274,7,0.36008390326226586
Illinois,1228,3,Miami OH,1275,11,0.5
Michigan,1276,1,Illinois,1228,3,0.8494124202541561
Michigan St,1277,3,Illinois,1228,3,0.5
Illinois,1228,3,Missouri,1281,10,0.7221196058493572
Illinois,1228,3,N Dakota St,1295,14,0.5
Illinois,1228,3,NC State,1301,11,0.5
Illinois,1228,3,Nebraska,1304,4,0.48375571893792757
Illinois,1228,3,North Carolina,1314,6,0.15316371576508622
Illinois,1228,3,Northern Iowa,1320,12,0.6141996427768951
Illinois,1228,3,Ohio St,1326,8,0.5
Illinois,1228,3,Penn,1335,14,0.6802671966986485
Illinois,1228,3,Prairie View,1341,16,0.5
Purdue,1345,2,Illinois,1228,3,0.5324543063873187
Illinois,1228,3,Queens NC,1474,15,0.5
Illinois,1228,3,Santa Clara,1365,10,0.5
Illinois,1228,3,Siena,1373,16,0.7037042379997707
Illinois,1228,3,SMU,1374,11,0.6963549298238342
Illinois,1228,3,South Florida,1378,11,0.6046790847140093
Illinois,1228,3,St John's,1385,5,0.5
Illinois,1228,3,St Louis,1387,9,0.5
Illinois,1228,3,St Mary's CA,1388,7,0.5
Illinois,1228,3,TCU,1395,9,0.617747874769249
Illinois,1228,3,Tennessee,1397,6,0.5299640517645717
Illinois,1228,3,Tennessee St,1398,15,0.5
Illinois,1228,3,Texas,1400,11,0.7824497764231124
Illinois,1228,3,Texas A&M,1401,10,0.5878295384825115
Illinois,1228,3,Texas Tech,1403,5,0.3977138231113694
Illinois,1228,3,Troy,1407,13,0.6648537304059736
Illinois,1228,3,UCF,1416,10,0.5768852611320463
Illinois,1228,3,UCLA,1417,7,0.3532006074420144
Illinois,1228,3,UMBC,1420,16,0.6910430124157229
Illinois,1228,3,Utah St,1429,9,0.5
Illinois,1228,3,Vanderbilt,1435,5,0.6046790847140093
Illinois,1228,3,VCU,1433,11,0.6433651456944018
Illinois,1228,3,Villanova,1437,8,0.35893259366518293
Illinois,1228,3,Virginia,1438,3,0.6558828412078138
Illinois,1228,3,Wisconsin,1458,5,0.4341349971045183
Illinois,1228,3,Wright St,1460,14,0.5
Iowa St,1235,2,Iowa,1234,9,0.5
Kansas,1242,4,Iowa,1234,9,0.7997928218007208
Iowa,1234,9,Kennesaw,1244,14,0.5
Kentucky,1246,7,Iowa,1234,9,0.8205384805926733
Iowa,1234,9,Lehigh,1250,16,0.5399148845555657
Iowa,1234,9,LIU Brooklyn,1254,16,0.569546223939229
Louisville,1257,6,Iowa,1234,9,0.7140222267773016
Iowa,1234,9,McNeese St,1270,12,0.5
Miami FL,1274,7,Iowa,1234,9,0.7824497764231124
Iowa,1234,9,Miami OH,1275,11,0.5
Michigan,1276,1,Iowa,1234,9,0.9194575868828212
Michigan St,1277,3,Iowa,1234,9,0.5
Iowa,1234,9,Missouri,1281,10,0.5621765008857981
Iowa,1234,9,N Dakota St,1295,14,0.5
Iowa,1234,9,NC State,1301,11,0.5
Nebraska,1304,4,Iowa,1234,9,0.6835208937363156
North Carolina,1314,6,Iowa,1234,9,0.9179640000863178
Iowa,1234,9,Northern Iowa,1320,12,0.44028635073280703
Ohio St,1326,8,Iowa,1234,9,0.5
Iowa,1234,9,Penn,1335,14,0.5124973964842103
Iowa,1234,9,Prairie View,1341,16,0.5
Purdue,1345,2,Iowa,1234,9,0.6974111143958823
Iowa,1234,9,Queens NC,1474,15,0.5
Iowa,1234,9,Santa Clara,1365,10,0.5
Iowa,1234,9,Siena,1373,16,0.5399148845555657
Iowa,1234,9,SMU,1374,11,0.5312093733737563
Iowa,1234,9,South Florida,1378,11,0.43045377606077095
St John's,1385,5,Iowa,1234,9,0.5
St Louis,1387,9,Iowa,1234,9,0.5
St Mary's CA,1388,7,Iowa,1234,9,0.5
TCU,1395,9,Iowa,1234,9,0.5560138905446199
Tennessee,1397,6,Iowa,1234,9,0.6422170929574377
Iowa,1234,9,Tennessee St,1398,15,0.5
Iowa,1234,9,Texas,1400,11,0.6399160967377341
Iowa,1234,9,Texas A&M,1401,10,0.41338242108267
Texas Tech,1403,5,Iowa,1234,9,0.7539887164489482
Iowa,1234,9,Troy,1407,13,0.4950001666600003
Iowa,1234,9,UCF,1416,10,0.40251423417298393
UCLA,1417,7,Iowa,1234,9,0.7875131558774608
Iowa,1234,9,UMBC,1420,16,0.52497918747894
Utah St,1429,9,Iowa,1234,9,0.5
Vanderbilt,1435,5,Iowa,1234,9,0.569546223939229
Iowa,1234,9,VCU,1433,11,0.4712816430485603
Villanova,1437,8,Iowa,1234,9,0.7832996849890409
Virginia,1438,3,Iowa,1234,9,0.5149955016194101
Wisconsin,1458,5,Iowa,1234,9,0.7251194977898231
Iowa,1234,9,Wright St,1460,14,0.5
Iowa St,1235,2,Kansas,1242,4,0.5
Iowa St,1235,2,Kennesaw,1244,14,0.5
Iowa St,1235,2,Kentucky,1246,7,0.5
Iowa St,1235,2,Lehigh,1250,16,0.5
Iowa St,1235,2,LIU Brooklyn,1254,16,0.5
Iowa St,1235,2,Louisville,1257,6,0.5
Iowa St,1235,2,McNeese St,1270,12,0.5
Iowa St,1235,2,Miami FL,1274,7,0.5
Iowa St,1235,2,Miami OH,1275,11,0.5
Michigan,1276,1,Iowa St,1235,2,0.5
Iowa St,1235,2,Michigan St,1277,3,0.5
Iowa St,1235,2,Missouri,1281,10,0.5
Iowa St,1235,2,N Dakota St,1295,14,0.5
Iowa St,1235,2,NC State,1301,11,0.5
Iowa St,1235,2,Nebraska,1304,4,0.5
Iowa St,1235,2,North Carolina,1314,6,0.5
Iowa St,1235,2,Northern Iowa,1320,12,0.5
Iowa St,1235,2,Ohio St,1326,8,0.5
Iowa St,1235,2,Penn,1335,14,0.5
Iowa St,1235,2,Prairie View,1341,16,0.5
Iowa St,1235,2,Purdue,1345,2,0.5
Iowa St,1235,2,Queens NC,1474,15,0.5
Iowa St,1235,2,Santa Clara,1365,10,0.5
Iowa St,1235,2,Siena,1373,16,0.5
Iowa St,1235,2,SMU,1374,11,0.5
Iowa St,1235,2,South Florida,1378,11,0.5
Iowa St,1235,2,St John's,1385,5,0.5
Iowa St,1235,2,St Louis,1387,9,0.5
Iowa St,1235,2,St Mary's CA,1388,7,0.5
Iowa St,1235,2,TCU,1395,9,0.5
Iowa St,1235,2,Tennessee,1397,6,0.5
Iowa St,1235,2,Tennessee St,1398,15,0.5
Iowa St,1235,2,Texas,1400,11,0.5
Iowa St,1235,2,Texas A&M,1401,10,0.5
Iowa St,1235,2,Texas Tech,1403,5,0.5
Iowa St,1235,2,Troy,1407,13,0.5
Iowa St,1235,2,UCF,1416,10,0.5
Iowa St,1235,2,UCLA,1417,7,0.5
Iowa St,1235,2,UMBC,1420,16,0.5
Iowa St,1235,2,Utah St,1429,9,0.5
Iowa St,1235,2,Vanderbilt,1435,5,0.5
Iowa St,1235,2,VCU,1433,11,0.5
Iowa St,1235,2,Villanova,1437,8,0.5
Iowa St,1235,2,Virginia,1438,3,0.5
Iowa St,1235,2,Wisconsin,1458,5,0.5
Iowa St,1235,2,Wright St,1460,14,0.5
Kansas,1242,4,Kennesaw,1244,14,0.5
Kansas,1242,4,Kentucky,1246,7,0.4663011645670992
Kansas,1242,4,Lehigh,1250,16,0.824190402911071
Kansas,1242,4,LIU Brooklyn,1254,16,0.8409080522857181
Kansas,1242,4,Louisville,1257,6,0.6153837563911821
Kansas,1242,4,McNeese St,1270,12,0.5
Kansas,1242,4,Miami FL,1274,7,0.5262259093720687
Kansas,1242,4,Miami OH,1275,11,0.5
Michigan,1276,1,Kansas,1242,4,0.740774899182154
Michigan St,1277,3,Kansas,1242,4,0.5
Kansas,1242,4,Missouri,1281,10,0.8368534378594309
Kansas,1242,4,N Dakota St,1295,14,0.5
Kansas,1242,4,NC State,1301,11,0.5
Nebraska,1304,4,Kansas,1242,4,0.3509194757554267
Kansas,1242,4,North Carolina,1314,6,0.2630841041665798
Kansas,1242,4,Northern Iowa,1320,12,0.7585964618789349
Kansas,1242,4,Ohio St,1326,8,0.5
Kansas,1242,4,Penn,1335,14,0.8076791784227771
Kansas,1242,4,Prairie View,1341,16,0.5
Purdue,1345,2,Kansas,1242,4,0.36586440898919936
Kansas,1242,4,Queens NC,1474,15,0.5
Kansas,1242,4,Santa Clara,1365,10,0.5
Kansas,1242,4,Siena,1373,16,0.824190402911071
Kansas,1242,4,SMU,1374,11,0.819061206847858
Kansas,1242,4,South Florida,1378,11,0.7511957822308614
Kansas,1242,4,St John's,1385,5,0.5
Kansas,1242,4,St Louis,1387,9,0.5
Kansas,1242,4,St Mary's CA,1388,7,0.5
Kansas,1242,4,TCU,1395,9,0.7613327148429104
Kansas,1242,4,Tennessee,1397,6,0.6899744811276125
Kansas,1242,4,Tennessee St,1398,15,0.5
Kansas,1242,4,Texas,1400,11,0.8765329524347759
Kansas,1242,4,Texas A&M,1401,10,0.737884101191635
Kansas,1242,4,Texas Tech,1403,5,0.5658650028954817
Kansas,1242,4,Troy,1407,13,0.7965711270909327
Kansas,1242,4,UCF,1416,10,0.7290879223493065
Kansas,1242,4,UCLA,1417,7,0.5187412158785352
Kansas,1242,4,UMBC,1420,16,0.8153266136030829
Kansas,1242,4,Utah St,1429,9,0.5
Kansas,1242,4,Vanderbilt,1435,5,0.7511957822308614
Kansas,1242,4,VCU,1433,11,0.7807427479121283
Kansas,1242,4,Villanova,1437,8,0.52497918747894
Virginia,1438,3,Kansas,1242,4,0.2099876265736025
Kansas,1242,4,Wisconsin,1458,5,0.6022861768886306
Kansas,1242,4,Wright St,1460,14,0.5
Kentucky,1246,7,Kennesaw,1244,14,0.5
Kennesaw,1244,14,Lehigh,1250,16,0.5
Kennesaw,1244,14,LIU Brooklyn,1254,16,0.5
Louisville,1257,6,Kennesaw,1244,14,0.5
McNeese St,1270,12,Kennesaw,1244,14,0.5
Miami FL,1274,7,Kennesaw,1244,14,0.5
Miami OH,1275,11,Kennesaw,1244,14,0.5
Michigan,1276,1,Kennesaw,1244,14,0.5
Michigan St,1277,3,Kennesaw,1244,14,0.5
Missouri,1281,10,Kennesaw,1244,14,0.5
N Dakota St,1295,14,Kennesaw,1244,14,0.5
NC State,1301,11,Kennesaw,1244,14,0.5
Nebraska,1304,4,Kennesaw,1244,14,0.5
North Carolina,1314,6,Kennesaw,1244,14,0.5
Northern Iowa,1320,12,Kennesaw,1244,14,0.5
Ohio St,1326,8,Kennesaw,1244,14,0.5
Penn,1335,14,Kennesaw,1244,14,0.5
Kennesaw,1244,14,Prairie View,1341,16,0.5
Purdue,1345,2,Kennesaw,1244,14,0.5
Kennesaw,1244,14,Queens NC,1474,15,0.5
Santa Clara,1365,10,Kennesaw,1244,14,0.5
Kennesaw,1244,14,Siena,1373,16,0.5
SMU,1374,11,Kennesaw,1244,14,0.5
South Florida,1378,11,Kennesaw,1244,14,0.5
St John's,1385,5,Kennesaw,1244,14,0.5
St Louis,1387,9,Kennesaw,1244,14,0.5
St Mary's CA,1388,7,Kennesaw,1244,14,0.5
TCU,1395,9,Kennesaw,1244,14,0.5
Tennessee,1397,6,Kennesaw,1244,14,0.5
Kennesaw,1244,14,Tennessee St,1398,15,0.5
Texas,1400,11,Kennesaw,1244,14,0.5
Texas A&M,1401,10,Kennesaw,1244,14,0.5
Texas Tech,1403,5,Kennesaw,1244,14,0.5
Troy,1407,13,Kennesaw,1244,14,0.5
UCF,1416,10,Kennesaw,1244,14,0.5
UCLA,1417,7,Kennesaw,1244,14,0.5
Kennesaw,1244,14,UMBC,1420,16,0.5
Utah St,1429,9,Kennesaw,1244,14,0.5
Vanderbilt,1435,5,Kennesaw,1244,14,0.5
VCU,1433,11,Kennesaw,1244,14,0.5
Villanova,1437,8,Kennesaw,1244,14,0.5
Virginia,1438,3,Kennesaw,1244,14,0.5
Wisconsin,1458,5,Kennesaw,1244,14,0.5
Wright St,1460,14,Kennesaw,1244,14,0.5
Kentucky,1246,7,Lehigh,1250,16,0.8429045311145473
Kentucky,1246,7,LIU Brooklyn,1254,16,0.8581489350995123
Louisville,1257,6,Kentucky,1246,7,0.35320060744201437
Kentucky,1246,7,McNeese St,1270,12,0.5
Kentucky,1246,7,Miami FL,1274,7,0.5597136492671929
Kentucky,1246,7,Miami OH,1275,11,0.5
Michigan,1276,1,Kentucky,1246,7,0.7140222267773016
Michigan St,1277,3,Kentucky,1246,7,0.5
Kentucky,1246,7,Missouri,1281,10,0.8544576710630347
Kentucky,1246,7,N Dakota St,1295,14,0.5
Kentucky,1246,7,NC State,1301,11,0.5
Nebraska,1304,4,Kentucky,1246,7,0.320821300824607
North Carolina,1314,6,Kentucky,1246,7,0.7099209183344533
Kentucky,1246,7,Northern Iowa,1320,12,0.7824497764231124
Kentucky,1246,7,Ohio St,1326,8,0.5
Kentucky,1246,7,Penn,1335,14,0.8277836082661223
Kentucky,1246,7,Prairie View,1341,16,0.5
Purdue,1345,2,Kentucky,1246,7,0.3351462695940264
Kentucky,1246,7,Queens NC,1474,15,0.5
Kentucky,1246,7,Santa Clara,1365,10,0.5
Kentucky,1246,7,Siena,1373,16,0.8429045311145473
Kentucky,1246,7,SMU,1374,11,0.838214140560456
Kentucky,1246,7,South Florida,1378,11,0.7755640142690736
St John's,1385,5,Kentucky,1246,7,0.5
Kentucky,1246,7,St Louis,1387,9,0.5
Kentucky,1246,7,St Mary's CA,1388,7,0.5
Kentucky,1246,7,TCU,1395,9,0.7849922886281077
Tennessee,1397,6,Kentucky,1246,7,0.2819114248166502
Kentucky,1246,7,Tennessee St,1398,15,0.5
Kentucky,1246,7,Texas,1400,11,0.8904162545937
Kentucky,1246,7,Texas A&M,1401,10,0.7631450157268554
Texas Tech,1403,5,Kentucky,1246,7,0.401312339887548
Kentucky,1246,7,Troy,1407,13,0.8175744761936437
Kentucky,1246,7,UCF,1416,10,0.7549149868676283
Kentucky,1246,7,UCLA,1417,7,0.5523079095743253
Kentucky,1246,7,UMBC,1420,16,0.8347951298093854
Kentucky,1246,7,Utah St,1429,9,0.5
Vanderbilt,1435,5,Kentucky,1246,7,0.22443598573092652
Kentucky,1246,7,VCU,1433,11,0.8029761144061538
Kentucky,1246,7,Villanova,1437,8,0.5584811124381613
Virginia,1438,3,Kentucky,1246,7,0.18846732521381943
Wisconsin,1458,5,Kentucky,1246,7,0.36586440898919936
Kentucky,1246,7,Wright St,1460,14,0.5
LIU Brooklyn,1254,16,Lehigh,1250,16,0.4700359482354282
Louisville,1257,6,Lehigh,1250,16,0.7455466141264027
McNeese St,1270,12,Lehigh,1250,16,0.5
Miami FL,1274,7,Lehigh,1250,16,0.8084546514385326
Miami OH,1275,11,Lehigh,1250,16,0.5
Michigan,1276,1,Lehigh,1250,16,0.930539094099436
Michigan St,1277,3,Lehigh,1250,16,0.5
Missouri,1281,10,Lehigh,1250,16,0.4775151752081999
N Dakota St,1295,14,Lehigh,1250,16,0.5
NC State,1301,11,Lehigh,1250,16,0.5
Nebraska,1304,4,Lehigh,1250,16,0.7170752854929726
North Carolina,1314,6,Lehigh,1250,16,0.9292351881438593
Northern Iowa,1320,12,Lehigh,1250,16,0.598687660112452
Ohio St,1326,8,Lehigh,1250,16,0.5
Penn,1335,14,Lehigh,1250,16,0.5274723043445937
Lehigh,1250,16,Prairie View,1341,16,0.5
Purdue,1345,2,Lehigh,1250,16,0.7300743839811188
Queens NC,1474,15,Lehigh,1250,16,0.5
Santa Clara,1365,10,Lehigh,1250,16,0.5
Siena,1373,16,Lehigh,1250,16,0.5
SMU,1374,11,Lehigh,1250,16,0.5087491068802403
South Florida,1378,11,Lehigh,1250,16,0.6082590307465143
St John's,1385,5,Lehigh,1250,16,0.5
St Louis,1387,9,Lehigh,1250,16,0.5
St Mary's CA,1388,7,Lehigh,1250,16,0.5
TCU,1395,9,Lehigh,1250,16,0.595078473866134
Tennessee,1397,6,Lehigh,1250,16,0.6780882495516275
Tennessee St,1398,15,Lehigh,1250,16,0.5
Texas,1400,11,Lehigh,1250,16,0.3977138231113694
Texas A&M,1401,10,Lehigh,1250,16,0.6248064744684293
Texas Tech,1403,5,Lehigh,1250,16,0.7824497764231124
Troy,1407,13,Lehigh,1250,16,0.5448788923735801
UCF,1416,10,Lehigh,1250,16,0.6352948493228071
UCLA,1417,7,Lehigh,1250,16,0.8130573860319537
UMBC,1420,16,Lehigh,1250,16,0.51499550161941
Utah St,1429,9,Lehigh,1250,16,0.5
Vanderbilt,1435,5,Lehigh,1250,16,0.6082590307465144
VCU,1433,11,Lehigh,1250,16,0.5683199834782481
Villanova,1437,8,Lehigh,1250,16,0.809227736160078
Virginia,1438,3,Lehigh,1250,16,0.5547792351072148
Wisconsin,1458,5,Lehigh,1250,16,0.7558388990947971
Wright St,1460,14,Lehigh,1250,16,0.5
Louisville,1257,6,LIU Brooklyn,1254,16,0.7676341173216251
McNeese St,1270,12,LIU Brooklyn,1254,16,0.5
Miami FL,1274,7,LIU Brooklyn,1254,16,0.826353352980995
Miami OH,1275,11,LIU Brooklyn,1254,16,0.5
Michigan,1276,1,LIU Brooklyn,1254,16,0.9379059787516913
Michigan St,1277,3,LIU Brooklyn,1254,16,0.5
Missouri,1281,10,LIU Brooklyn,1254,16,0.5074994375506204
N Dakota St,1295,14,LIU Brooklyn,1254,16,0.5
NC State,1301,11,LIU Brooklyn,1254,16,0.5
Nebraska,1304,4,LIU Brooklyn,1254,16,0.740774899182154
North Carolina,1314,6,LIU Brooklyn,1254,16,0.9367309598875401
Northern Iowa,1320,12,LIU Brooklyn,1254,16,0.6271477663131956
Ohio St,1326,8,LIU Brooklyn,1254,16,0.5
Penn,1335,14,LIU Brooklyn,1254,16,0.5572478545985555
LIU Brooklyn,1254,16,Prairie View,1341,16,0.5
Purdue,1345,2,LIU Brooklyn,1254,16,0.7530600904213377
Queens NC,1474,15,LIU Brooklyn,1254,16,0.5
Santa Clara,1365,10,LIU Brooklyn,1254,16,0.5
Siena,1373,16,LIU Brooklyn,1254,16,0.5299640517645717
SMU,1374,11,LIU Brooklyn,1254,16,0.538672605206508
South Florida,1378,11,LIU Brooklyn,1254,16,0.6364525402815664
St John's,1385,5,LIU Brooklyn,1254,16,0.5
St Louis,1387,9,LIU Brooklyn,1254,16,0.5
St Mary's CA,1388,7,LIU Brooklyn,1254,16,0.5
TCU,1395,9,LIU Brooklyn,1254,16,0.623633628298226
Tennessee,1397,6,LIU Brooklyn,1254,16,0.7037042379997707
Tennessee St,1398,15,LIU Brooklyn,1254,16,0.5
Texas,1400,11,LIU Brooklyn,1254,16,0.42678022732016513
Texas A&M,1401,10,LIU Brooklyn,1254,16,0.6524894621927444
Texas Tech,1403,5,LIU Brooklyn,1254,16,0.8021838885585818
Troy,1407,13,LIU Brooklyn,1254,16,0.574442516811659
UCF,1416,10,LIU Brooklyn,1254,16,0.6626218371700825
UCLA,1417,7,LIU Brooklyn,1254,16,0.8306161030659813
LIU Brooklyn,1254,16,UMBC,1420,16,0.45512110762641994
Utah St,1429,9,LIU Brooklyn,1254,16,0.5
Vanderbilt,1435,5,LIU Brooklyn,1254,16,0.6364525402815664
VCU,1433,11,LIU Brooklyn,1254,16,0.5974857658270161
Villanova,1437,8,LIU Brooklyn,1254,16,0.8270696501038614
Virginia,1438,3,LIU Brooklyn,1254,16,0.5841905229354074
Wisconsin,1458,5,LIU Brooklyn,1254,16,0.7772998611746911
Wright St,1460,14,LIU Brooklyn,1254,16,0.5
Louisville,1257,6,McNeese St,1270,12,0.5
Louisville,1257,6,Miami FL,1274,7,0.4097497480698166
Louisville,1257,6,Miami OH,1275,11,0.5
Michigan,1276,1,Louisville,1257,6,0.8205384805926733
Michigan St,1277,3,Louisville,1257,6,0.5
Louisville,1257,6,Missouri,1281,10,0.7622400534271092
Louisville,1257,6,N Dakota St,1295,14,0.5
Louisville,1257,6,NC State,1301,11,0.5
Nebraska,1304,4,Louisville,1257,6,0.4638133797682053
North Carolina,1314,6,Louisville,1257,6,0.8175744761936437
Louisville,1257,6,Northern Iowa,1320,12,0.6626218371700825
Louisville,1257,6,Ohio St,1326,8,0.5
Louisville,1257,6,Penn,1335,14,0.7241217707708186
Louisville,1257,6,Prairie View,1341,16,0.5
Purdue,1345,2,Louisville,1257,6,0.48001065984441826
Louisville,1257,6,Queens NC,1474,15,0.5
Louisville,1257,6,Santa Clara,1365,10,0.5
Louisville,1257,6,Siena,1373,16,0.7455466141264027
Louisville,1257,6,SMU,1374,11,0.7388500060842489
Louisville,1257,6,South Florida,1378,11,0.653622330899504
St John's,1385,5,Louisville,1257,6,0.5
Louisville,1257,6,St Louis,1387,9,0.5
Louisville,1257,6,St Mary's CA,1388,7,0.5
Louisville,1257,6,TCU,1395,9,0.6659669267518202
Tennessee,1397,6,Louisville,1257,6,0.4182406231581638
Louisville,1257,6,Tennessee St,1398,15,0.5
Louisville,1257,6,Texas,1400,11,0.8160782725804957
Louisville,1257,6,Texas A&M,1401,10,0.637608652621925
Texas Tech,1403,5,Louisville,1257,6,0.551071269307342
Louisville,1257,6,Troy,1407,13,0.7099209183344533
Louisville,1257,6,UCF,1416,10,0.6271477663131956
Louisville,1257,6,UCLA,1417,7,0.40251423417298393
Louisville,1257,6,UMBC,1420,16,0.7339975165215696
Louisville,1257,6,Utah St,1429,9,0.5
Vanderbilt,1435,5,Louisville,1257,6,0.34637766910049594
Louisville,1257,6,VCU,1433,11,0.6899744811276125
Louisville,1257,6,Villanova,1437,8,0.40854102156721994
Virginia,1438,3,Louisville,1257,6,0.29838504638459934
Wisconsin,1458,5,Louisville,1257,6,0.513746534902355
Louisville,1257,6,Wright St,1460,14,0.5
Miami FL,1274,7,McNeese St,1270,12,0.5
Miami OH,1275,11,McNeese St,1270,12,0.5
Michigan,1276,1,McNeese St,1270,12,0.5
Michigan St,1277,3,McNeese St,1270,12,0.5
Missouri,1281,10,McNeese St,1270,12,0.5
McNeese St,1270,12,N Dakota St,1295,14,0.5
NC State,1301,11,McNeese St,1270,12,0.5
Nebraska,1304,4,McNeese St,1270,12,0.5
North Carolina,1314,6,McNeese St,1270,12,0.5
McNeese St,1270,12,Northern Iowa,1320,12,0.5
Ohio St,1326,8,McNeese St,1270,12,0.5
McNeese St,1270,12,Penn,1335,14,0.5
McNeese St,1270,12,Prairie View,1341,16,0.5
Purdue,1345,2,McNeese St,1270,12,0.5
McNeese St,1270,12,Queens NC,1474,15,0.5
Santa Clara,1365,10,McNeese St,1270,12,0.5
McNeese St,1270,12,Siena,1373,16,0.5
SMU,1374,11,McNeese St,1270,12,0.5
South Florida,1378,11,McNeese St,1270,12,0.5
St John's,1385,5,McNeese St,1270,12,0.5
St Louis,1387,9,McNeese St,1270,12,0.5
St Mary's CA,1388,7,McNeese St,1270,12,0.5
TCU,1395,9,McNeese St,1270,12,0.5
Tennessee,1397,6,McNeese St,1270,12,0.5
McNeese St,1270,12,Tennessee St,1398,15,0.5
Texas,1400,11,McNeese St,1270,12,0.5
Texas A&M,1401,10,McNeese St,1270,12,0.5
Texas Tech,1403,5,McNeese St,1270,12,0.5
McNeese St,1270,12,Troy,1407,13,0.5
UCF,1416,10,McNeese St,1270,12,0.5
UCLA,1417,7,McNeese St,1270,12,0.5
McNeese St,1270,12,UMBC,1420,16,0.5
Utah St,1429,9,McNeese St,1270,12,0.5
Vanderbilt,1435,5,McNeese St,1270,12,0.5
VCU,1433,11,McNeese St,1270,12,0.5
Villanova,1437,8,McNeese St,1270,12,0.5
Virginia,1438,3,McNeese St,1270,12,0.5
Wisconsin,1458,5,McNeese St,1270,12,0.5
McNeese St,1270,12,Wright St,1460,14,0.5
Miami FL,1274,7,Miami OH,1275,11,0.5
Michigan,1276,1,Miami FL,1274,7,0.7604230019887311
Michigan St,1277,3,Miami FL,1274,7,0.5
Miami FL,1274,7,Missouri,1281,10,0.8220063142137535
Miami FL,1274,7,N Dakota St,1295,14,0.5
Miami FL,1274,7,NC State,1301,11,0.5
Nebraska,1304,4,Miami FL,1274,7,0.37519352553157076
North Carolina,1314,6,Miami FL,1274,7,0.7567604506198106
Miami FL,1274,7,Northern Iowa,1320,12,0.7388500060842489
Miami FL,1274,7,Ohio St,1326,8,0.5
Miami FL,1274,7,Penn,1335,14,0.7908406347869368
Miami FL,1274,7,Prairie View,1341,16,0.5
Purdue,1345,2,Miami FL,1274,7,0.3905502163716748
Miami FL,1274,7,Queens NC,1474,15,0.5
Miami FL,1274,7,Santa Clara,1365,10,0.5
Miami FL,1274,7,Siena,1373,16,0.8084546514385326
Miami FL,1274,7,SMU,1374,11,0.8029761144061538
Miami FL,1274,7,South Florida,1378,11,0.7310585786300049
St John's,1385,5,Miami FL,1274,7,0.5
Miami FL,1274,7,St Louis,1387,9,0.5
St Mary's CA,1388,7,Miami FL,1274,7,0.5
Miami FL,1274,7,TCU,1395,9,0.7417338799314313
Tennessee,1397,6,Miami FL,1274,7,0.3329217229043748
Miami FL,1274,7,Tennessee St,1398,15,0.5
Miami FL,1274,7,Texas,1400,11,0.8647130921617369
Miami FL,1274,7,Texas A&M,1401,10,0.7170752854929725
Texas Tech,1403,5,Miami FL,1274,7,0.46008511544443437
Miami FL,1274,7,Troy,1407,13,0.7790261077798122
Miami FL,1274,7,UCF,1416,10,0.7078572714244814
Miami FL,1274,7,UCLA,1417,7,0.4925005624493796
Miami FL,1274,7,UMBC,1420,16,0.7989910002494707
Miami FL,1274,7,Utah St,1429,9,0.5
Vanderbilt,1435,5,Miami FL,1274,7,0.2689414213699951
Miami FL,1274,7,VCU,1433,11,0.7622400534271092
Miami FL,1274,7,Villanova,1437,8,0.49875000260416014
Virginia,1438,3,Miami FL,1274,7,0.22793645057321624
Wisconsin,1458,5,Miami FL,1274,7,0.42311473886795364
Miami FL,1274,7,Wright St,1460,14,0.5
Michigan,1276,1,Miami OH,1275,11,0.5
Michigan St,1277,3,Miami OH,1275,11,0.5
Missouri,1281,10,Miami OH,1275,11,0.5
Miami OH,1275,11,N Dakota St,1295,14,0.5
NC State,1301,11,Miami OH,1275,11,0.5
Nebraska,1304,4,Miami OH,1275,11,0.5
North Carolina,1314,6,Miami OH,1275,11,0.5
Miami OH,1275,11,Northern Iowa,1320,12,0.5
Ohio St,1326,8,Miami OH,1275,11,0.5
Miami OH,1275,11,Penn,1335,14,0.5
Miami OH,1275,11,Prairie View,1341,16,0.5
Purdue,1345,2,Miami OH,1275,11,0.5
Miami OH,1275,11,Queens NC,1474,15,0.5
Santa Clara,1365,10,Miami OH,1275,11,0.5
Miami OH,1275,11,Siena,1373,16,0.5
SMU,1374,11,Miami OH,1275,11,0.5
Miami OH,1275,11,South Florida,1378,11,0.5
St John's,1385,5,Miami OH,1275,11,0.5
St Louis,1387,9,Miami OH,1275,11,0.5
St Mary's CA,1388,7,Miami OH,1275,11,0.5
TCU,1395,9,Miami OH,1275,11,0.5
Tennessee,1397,6,Miami OH,1275,11,0.5
Miami OH,1275,11,Tennessee St,1398,15,0.5
Texas,1400,11,Miami OH,1275,11,0.5
Texas A&M,1401,10,Miami OH,1275,11,0.5
Texas Tech,1403,5,Miami OH,1275,11,0.5
Miami OH,1275,11,Troy,1407,13,0.5
UCF,1416,10,Miami OH,1275,11,0.5
UCLA,1417,7,Miami OH,1275,11,0.5
Miami OH,1275,11,UMBC,1420,16,0.5
Utah St,1429,9,Miami OH,1275,11,0.5
Vanderbilt,1435,5,Miami OH,1275,11,0.5
Miami OH,1275,11,VCU,1433,11,0.5
Villanova,1437,8,Miami OH,1275,11,0.5
Virginia,1438,3,Miami OH,1275,11,0.5
Wisconsin,1458,5,Miami OH,1275,11,0.5
Miami OH,1275,11,Wright St,1460,14,0.5
Michigan,1276,1,Michigan St,1277,3,0.5
Michigan,1276,1,Missouri,1281,10,0.9361357044966537
Michigan,1276,1,N Dakota St,1295,14,0.5
Michigan,1276,1,NC State,1301,11,0.5
Michigan,1276,1,Nebraska,1304,4,0.8409080522857181
Michigan,1276,1,North Carolina,1314,6,0.5049998333399998
Michigan,1276,1,Northern Iowa,1320,12,0.8997996098089893
Michigan,1276,1,Ohio St,1326,8,0.5
Michigan,1276,1,Penn,1335,14,0.9230835512325638
Michigan,1276,1,Prairie View,1341,16,0.5
Michigan,1276,1,Purdue,1345,2,0.8320183851339245
Michigan,1276,1,Queens NC,1474,15,0.5
Michigan,1276,1,Santa Clara,1365,10,0.5
Michigan,1276,1,Siena,1373,16,0.930539094099436
Michigan,1276,1,SMU,1374,11,0.9282424577362486
Michigan,1276,1,South Florida,1378,11,0.8961350844877304
Michigan,1276,1,St John's,1385,5,0.5
Michigan,1276,1,St Louis,1387,9,0.5
Michigan,1276,1,St Mary's CA,1388,7,0.5
Michigan,1276,1,TCU,1395,9,0.9011439268218306
Michigan,1276,1,Tennessee,1397,6,0.8641271029909058
Michigan,1276,1,Tennessee St,1398,15,0.5
Michigan,1276,1,Texas,1400,11,0.9530238543217163
Michigan,1276,1,Texas A&M,1401,10,0.8894366868836957
Michigan,1276,1,Texas Tech,1403,5,0.788348634008099
Michigan,1276,1,Troy,1407,13,0.9179640000863178
Michigan,1276,1,UCF,1416,10,0.8849332679544502
Michigan,1276,1,UCLA,1417,7,0.7549149868676283
Michigan,1276,1,UMBC,1420,16,0.9265593156415015
Michigan,1276,1,Utah St,1429,9,0.5
Michigan,1276,1,Vanderbilt,1435,5,0.8961350844877304
Michigan,1276,1,VCU,1433,11,0.9105199406664386
Michigan,1276,1,Villanova,1437,8,0.759510916949111
Michigan,1276,1,Virginia,1438,3,0.9149009549929797
Michigan,1276,1,Wisconsin,1458,5,0.8122962208104868
Michigan,1276,1,Wright St,1460,14,0.5
Michigan St,1277,3,Missouri,1281,10,0.5
Michigan St,1277,3,N Dakota St,1295,14,0.5
Michigan St,1277,3,NC State,1301,11,0.5
Michigan St,1277,3,Nebraska,1304,4,0.5
Michigan St,1277,3,North Carolina,1314,6,0.5
Michigan St,1277,3,Northern Iowa,1320,12,0.5
Michigan St,1277,3,Ohio St,1326,8,0.5
Michigan St,1277,3,Penn,1335,14,0.5
Michigan St,1277,3,Prairie View,1341,16,0.5
Purdue,1345,2,Michigan St,1277,3,0.5
Michigan St,1277,3,Queens NC,1474,15,0.5
Michigan St,1277,3,Santa Clara,1365,10,0.5
Michigan St,1277,3,Siena,1373,16,0.5
Michigan St,1277,3,SMU,1374,11,0.5
Michigan St,1277,3,South Florida,1378,11,0.5
Michigan St,1277,3,St John's,1385,5,0.5
Michigan St,1277,3,St Louis,1387,9,0.5
Michigan St,1277,3,St Mary's CA,1388,7,0.5
Michigan St,1277,3,TCU,1395,9,0.5
Michigan St,1277,3,Tennessee,1397,6,0.5
Michigan St,1277,3,Tennessee St,1398,15,0.5
Michigan St,1277,3,Texas,1400,11,0.5
Michigan St,1277,3,Texas A&M,1401,10,0.5
Michigan St,1277,3,Texas Tech,1403,5,0.5
Michigan St,1277,3,Troy,1407,13,0.5
Michigan St,1277,3,UCF,1416,10,0.5
Michigan St,1277,3,UCLA,1417,7,0.5
Michigan St,1277,3,UMBC,1420,16,0.5
Michigan St,1277,3,Utah St,1429,9,0.5
Michigan St,1277,3,Vanderbilt,1435,5,0.5
Michigan St,1277,3,VCU,1433,11,0.5
Michigan St,1277,3,Villanova,1437,8,0.5
Michigan St,1277,3,Virginia,1438,3,0.5
Michigan St,1277,3,Wisconsin,1458,5,0.5
Michigan St,1277,3,Wright St,1460,14,0.5
Missouri,1281,10,N Dakota St,1295,14,0.5
Missouri,1281,10,NC State,1301,11,0.5
Nebraska,1304,4,Missouri,1281,10,0.7349725994665188
North Carolina,1314,6,Missouri,1281,10,0.9349295104719748
Missouri,1281,10,Northern Iowa,1320,12,0.3798935676569099
Ohio St,1326,8,Missouri,1281,10,0.5
Missouri,1281,10,Penn,1335,14,0.45016600268752216
Missouri,1281,10,Prairie View,1341,16,0.5
Purdue,1345,2,Missouri,1281,10,0.7474390202201999
Missouri,1281,10,Queens NC,1474,15,0.5
Santa Clara,1365,10,Missouri,1281,10,0.5
Missouri,1281,10,Siena,1373,16,0.4775151752081999
Missouri,1281,10,SMU,1374,11,0.46879062662624377
Missouri,1281,10,South Florida,1378,11,0.3705168880326052
St John's,1385,5,Missouri,1281,10,0.5
St Louis,1387,9,Missouri,1281,10,0.5
St Mary's CA,1388,7,Missouri,1281,10,0.5
TCU,1395,9,Missouri,1281,10,0.6165665045213193
Tennessee,1397,6,Missouri,1281,10,0.6974111143958823
Missouri,1281,10,Tennessee St,1398,15,0.5
Missouri,1281,10,Texas,1400,11,0.5805423048206596
Missouri,1281,10,Texas A&M,1401,10,0.3543436937742046
Texas Tech,1403,5,Missouri,1281,10,0.7973801535688696
Missouri,1281,10,Troy,1407,13,0.4329070950345457
UCF,1416,10,Missouri,1281,10,0.6558828412078137
UCLA,1417,7,Missouri,1281,10,0.826353352980995
Missouri,1281,10,UMBC,1420,16,0.46257015465625045
Utah St,1429,9,Missouri,1281,10,0.5
Vanderbilt,1435,5,Missouri,1281,10,0.6294831119673948
Missouri,1281,10,VCU,1433,11,0.4097497480698166
Villanova,1437,8,Missouri,1281,10,0.8227366964217431
Virginia,1438,3,Missouri,1281,10,0.5768852611320463
Wisconsin,1458,5,Missouri,1281,10,0.7720635494267837
Missouri,1281,10,Wright St,1460,14,0.5
NC State,1301,11,N Dakota St,1295,14,0.5
Nebraska,1304,4,N Dakota St,1295,14,0.5
North Carolina,1314,6,N Dakota St,1295,14,0.5
Northern Iowa,1320,12,N Dakota St,1295,14,0.5
Ohio St,1326,8,N Dakota St,1295,14,0.5
N Dakota St,1295,14,Penn,1335,14,0.5
N Dakota St,1295,14,Prairie View,1341,16,0.5
Purdue,1345,2,N Dakota St,1295,14,0.5
N Dakota St,1295,14,Queens NC,1474,15,0.5
Santa Clara,1365,10,N Dakota St,1295,14,0.5
N Dakota St,1295,14,Siena,1373,16,0.5
SMU,1374,11,N Dakota St,1295,14,0.5
South Florida,1378,11,N Dakota St,1295,14,0.5
St John's,1385,5,N Dakota St,1295,14,0.5
St Louis,1387,9,N Dakota St,1295,14,0.5
St Mary's CA,1388,7,N Dakota St,1295,14,0.5
TCU,1395,9,N Dakota St,1295,14,0.5
Tennessee,1397,6,N Dakota St,1295,14,0.5
N Dakota St,1295,14,Tennessee St,1398,15,0.5
Texas,1400,11,N Dakota St,1295,14,0.5
Texas A&M,1401,10,N Dakota St,1295,14,0.5
Texas Tech,1403,5,N Dakota St,1295,14,0.5
Troy,1407,13,N Dakota St,1295,14,0.5
UCF,1416,10,N Dakota St,1295,14,0.5
UCLA,1417,7,N Dakota St,1295,14,0.5
N Dakota St,1295,14,UMBC,1420,16,0.5
Utah St,1429,9,N Dakota St,1295,14,0.5
Vanderbilt,1435,5,N Dakota St,1295,14,0.5
VCU,1433,11,N Dakota St,1295,14,0.5
Villanova,1437,8,N Dakota St,1295,14,0.5
Virginia,1438,3,N Dakota St,1295,14,0.5
Wisconsin,1458,5,N Dakota St,1295,14,0.5
N Dakota St,1295,14,Wright St,1460,14,0.5
Nebraska,1304,4,NC State,1301,11,0.5
North Carolina,1314,6,NC State,1301,11,0.5
NC State,1301,11,Northern Iowa,1320,12,0.5
Ohio St,1326,8,NC State,1301,11,0.5
NC State,1301,11,Penn,1335,14,0.5
NC State,1301,11,Prairie View,1341,16,0.5
Purdue,1345,2,NC State,1301,11,0.5
NC State,1301,11,Queens NC,1474,15,0.5
Santa Clara,1365,10,NC State,1301,11,0.5
NC State,1301,11,Siena,1373,16,0.5
NC State,1301,11,SMU,1374,11,0.5
NC State,1301,11,South Florida,1378,11,0.5
St John's,1385,5,NC State,1301,11,0.5
St Louis,1387,9,NC State,1301,11,0.5
St Mary's CA,1388,7,NC State,1301,11,0.5
TCU,1395,9,NC State,1301,11,0.5
Tennessee,1397,6,NC State,1301,11,0.5
NC State,1301,11,Tennessee St,1398,15,0.5
NC State,1301,11,Texas,1400,11,0.5
Texas A&M,1401,10,NC State,1301,11,0.5
Texas Tech,1403,5,NC State,1301,11,0.5
NC State,1301,11,Troy,1407,13,0.5
UCF,1416,10,NC State,1301,11,0.5
UCLA,1417,7,NC State,1301,11,0.5
NC State,1301,11,UMBC,1420,16,0.5
Utah St,1429,9,NC State,1301,11,0.5
Vanderbilt,1435,5,NC State,1301,11,0.5
NC State,1301,11,VCU,1433,11,0.5
Villanova,1437,8,NC State,1301,11,0.5
Virginia,1438,3,NC State,1301,11,0.5
Wisconsin,1458,5,NC State,1301,11,0.5
NC State,1301,11,Wright St,1460,14,0.5
Nebraska,1304,4,North Carolina,1314,6,0.16178585943954402
Nebraska,1304,4,Northern Iowa,1320,12,0.6294831119673949
Nebraska,1304,4,Ohio St,1326,8,0.5
Nebraska,1304,4,Penn,1335,14,0.6942363401080306
Nebraska,1304,4,Prairie View,1341,16,0.5
Purdue,1345,2,Nebraska,1304,4,0.5162442810620724
Nebraska,1304,4,Queens NC,1474,15,0.5
Nebraska,1304,4,Santa Clara,1365,10,0.5
Nebraska,1304,4,Siena,1373,16,0.7170752854929726
Nebraska,1304,4,SMU,1374,11,0.7099209183344533
Nebraska,1304,4,South Florida,1378,11,0.6201064323430902
Nebraska,1304,4,St John's,1385,5,0.5
Nebraska,1304,4,St Louis,1387,9,0.5
Nebraska,1304,4,St Mary's CA,1388,7,0.5
Nebraska,1304,4,TCU,1395,9,0.6329747766804606
Nebraska,1304,4,Tennessee,1397,6,0.5461185410457796
Nebraska,1304,4,Tennessee St,1398,15,0.5
Nebraska,1304,4,Texas,1400,11,0.7933109871625582
Nebraska,1304,4,Texas A&M,1401,10,0.6034832498647263
Nebraska,1304,4,Texas Tech,1403,5,0.41338242108267
Nebraska,1304,4,Troy,1407,13,0.679178699175393
Nebraska,1304,4,UCF,1416,10,0.5926665999540698
Nebraska,1304,4,UCLA,1417,7,0.36818758226389836
Nebraska,1304,4,UMBC,1420,16,0.7047456979980911
Nebraska,1304,4,Utah St,1429,9,0.5
Nebraska,1304,4,Vanderbilt,1435,5,0.6201064323430902
Nebraska,1304,4,VCU,1433,11,0.6581363150480182
Nebraska,1304,4,Villanova,1437,8,0.37402214223339625
Virginia,1438,3,Nebraska,1304,4,0.3295988401911314
Nebraska,1304,4,Wisconsin,1458,5,0.45016600268752216
Nebraska,1304,4,Wright St,1460,14,0.5
North Carolina,1314,6,Northern Iowa,1320,12,0.8979819308108695
North Carolina,1314,6,Ohio St,1326,8,0.5
North Carolina,1314,6,Penn,1335,14,0.9216514750369404
North Carolina,1314,6,Prairie View,1341,16,0.5
Purdue,1345,2,North Carolina,1314,6,0.17079548202237455
North Carolina,1314,6,Queens NC,1474,15,0.5
North Carolina,1314,6,Santa Clara,1365,10,0.5
North Carolina,1314,6,Siena,1373,16,0.9292351881438593
North Carolina,1314,6,SMU,1374,11,0.9268988265776218
North Carolina,1314,6,South Florida,1378,11,0.8942587414290022
St John's,1385,5,North Carolina,1314,6,0.5
North Carolina,1314,6,St Louis,1387,9,0.5
North Carolina,1314,6,St Mary's CA,1388,7,0.5
North Carolina,1314,6,TCU,1395,9,0.8993479064358931
Tennessee,1397,6,North Carolina,1314,6,0.13823827317249407
North Carolina,1314,6,Tennessee St,1398,15,0.5
North Carolina,1314,6,Texas,1400,11,0.952120310150081
North Carolina,1314,6,Texas A&M,1401,10,0.8874545331492003
Texas Tech,1403,5,North Carolina,1314,6,0.2150077113718924
North Carolina,1314,6,Troy,1407,13,0.9164452330197453
North Carolina,1314,6,UCF,1416,10,0.8828810091242195
North Carolina,1314,6,UCLA,1417,7,0.7511957822308614
North Carolina,1314,6,UMBC,1420,16,0.925186708422058
North Carolina,1314,6,Utah St,1429,9,0.5
Vanderbilt,1435,5,North Carolina,1314,6,0.10574125857099789
North Carolina,1314,6,VCU,1433,11,0.9088770389851438
North Carolina,1314,6,Villanova,1437,8,0.7558388990947971
Virginia,1438,3,North Carolina,1314,6,0.08666916551086733
Wisconsin,1458,5,North Carolina,1314,6,0.19077226383992188
North Carolina,1314,6,Wright St,1460,14,0.5
Ohio St,1326,8,Northern Iowa,1320,12,0.5
Northern Iowa,1320,12,Penn,1335,14,0.5719961329315186
Northern Iowa,1320,12,Prairie View,1341,16,0.5
Purdue,1345,2,Northern Iowa,1320,12,0.6445115537062945
Northern Iowa,1320,12,Queens NC,1474,15,0.5
Santa Clara,1365,10,Northern Iowa,1320,12,0.5
Northern Iowa,1320,12,Siena,1373,16,0.598687660112452
SMU,1374,11,Northern Iowa,1320,12,0.40974974806981657
South Florida,1378,11,Northern Iowa,1320,12,0.5099986668799655
St John's,1385,5,Northern Iowa,1320,12,0.5
St Louis,1387,9,Northern Iowa,1320,12,0.5
St Mary's CA,1388,7,Northern Iowa,1320,12,0.5
TCU,1395,9,Northern Iowa,1320,12,0.496250070310918
Tennessee,1397,6,Northern Iowa,1320,12,0.5854045691294651
Northern Iowa,1320,12,Tennessee St,1398,15,0.5
Texas,1400,11,Northern Iowa,1320,12,0.3068260506740499
Texas A&M,1401,10,Northern Iowa,1320,12,0.5274723043445937
Texas Tech,1403,5,Northern Iowa,1320,12,0.7068222210935676
Northern Iowa,1320,12,Troy,1407,13,0.5547792351072148
UCF,1416,10,Northern Iowa,1320,12,0.538672605206508
UCLA,1417,7,Northern Iowa,1320,12,0.7445969158274759
Northern Iowa,1320,12,UMBC,1420,16,0.5841905229354074
Utah St,1429,9,Northern Iowa,1320,12,0.5
Vanderbilt,1435,5,Northern Iowa,1320,12,0.5099986668799655
VCU,1433,11,Northern Iowa,1320,12,0.46879062662624377
Villanova,1437,8,Northern Iowa,1320,12,0.7398136066696879
Virginia,1438,3,Northern Iowa,1320,12,0.45512110762641994
Wisconsin,1458,5,Northern Iowa,1320,12,0.6748052725823135
Northern Iowa,1320,12,Wright St,1460,14,0.5
Ohio St,1326,8,Penn,1335,14,0.5
Ohio St,1326,8,Prairie View,1341,16,0.5
Purdue,1345,2,Ohio St,1326,8,0.5
Ohio St,1326,8,Queens NC,1474,15,0.5
Ohio St,1326,8,Santa Clara,1365,10,0.5
Ohio St,1326,8,Siena,1373,16,0.5
Ohio St,1326,8,SMU,1374,11,0.5
Ohio St,1326,8,South Florida,1378,11,0.5
St John's,1385,5,Ohio St,1326,8,0.5
Ohio St,1326,8,St Louis,1387,9,0.5
St Mary's CA,1388,7,Ohio St,1326,8,0.5
Ohio St,1326,8,TCU,1395,9,0.5
Tennessee,1397,6,Ohio St,1326,8,0.5
Ohio St,1326,8,Tennessee St,1398,15,0.5
Ohio St,1326,8,Texas,1400,11,0.5
Ohio St,1326,8,Texas A&M,1401,10,0.5
Texas Tech,1403,5,Ohio St,1326,8,0.5
Ohio St,1326,8,Troy,1407,13,0.5
Ohio St,1326,8,UCF,1416,10,0.5
UCLA,1417,7,Ohio St,1326,8,0.5
Ohio St,1326,8,UMBC,1420,16,0.5
Ohio St,1326,8,Utah St,1429,9,0.5
Vanderbilt,1435,5,Ohio St,1326,8,0.5
Ohio St,1326,8,VCU,1433,11,0.5
Villanova,1437,8,Ohio St,1326,8,0.5
Virginia,1438,3,Ohio St,1326,8,0.5
Wisconsin,1458,5,Ohio St,1326,8,0.5
Ohio St,1326,8,Wright St,1460,14,0.5
Penn,1335,14,Prairie View,1341,16,0.5
Purdue,1345,2,Penn,1335,14,0.7078572714244814
Penn,1335,14,Queens NC,1474,15,0.5
Santa Clara,1365,10,Penn,1335,14,0.5
Penn,1335,14,Siena,1373,16,0.5274723043445937
SMU,1374,11,Penn,1335,14,0.4812587841214648
South Florida,1378,11,Penn,1335,14,0.5817593768418363
St John's,1385,5,Penn,1335,14,0.5
St Louis,1387,9,Penn,1335,14,0.5
St Mary's CA,1388,7,Penn,1335,14,0.5
TCU,1395,9,Penn,1335,14,0.5683199834782481
Tennessee,1397,6,Penn,1335,14,0.653622330899504
Penn,1335,14,Tennessee St,1398,15,0.5
Texas,1400,11,Penn,1335,14,0.3716838117046338
Texas A&M,1401,10,Penn,1335,14,0.598687660112452
Texas Tech,1403,5,Penn,1335,14,0.7631450157268554
Troy,1407,13,Penn,1335,14,0.5174928576663897
UCF,1416,10,Penn,1335,14,0.6094497836283252
UCLA,1417,7,Penn,1335,14,0.7957596977159083
Penn,1335,14,UMBC,1420,16,0.5124973964842103
Utah St,1429,9,Penn,1335,14,0.5
Vanderbilt,1435,5,Penn,1335,14,0.5817593768418363
VCU,1433,11,Penn,1335,14,0.5411566681502281
Villanova,1437,8,Penn,1335,14,0.7916664907298545
Virginia,1438,3,Penn,1335,14,0.5274723043445938
Wisconsin,1458,5,Penn,1335,14,0.7349725994665188
Penn,1335,14,Wright St,1460,14,0.5
Purdue,1345,2,Prairie View,1341,16,0.5
Queens NC,1474,15,Prairie View,1341,16,0.5
Santa Clara,1365,10,Prairie View,1341,16,0.5
Siena,1373,16,Prairie View,1341,16,0.5
SMU,1374,11,Prairie View,1341,16,0.5
South Florida,1378,11,Prairie View,1341,16,0.5
St John's,1385,5,Prairie View,1341,16,0.5
St Louis,1387,9,Prairie View,1341,16,0.5
St Mary's CA,1388,7,Prairie View,1341,16,0.5
TCU,1395,9,Prairie View,1341,16,0.5
Tennessee,1397,6,Prairie View,1341,16,0.5
Tennessee St,1398,15,Prairie View,1341,16,0.5
Texas,1400,11,Prairie View,1341,16,0.5
Texas A&M,1401,10,Prairie View,1341,16,0.5
Texas Tech,1403,5,Prairie View,1341,16,0.5
Troy,1407,13,Prairie View,1341,16,0.5
UCF,1416,10,Prairie View,1341,16,0.5
UCLA,1417,7,Prairie View,1341,16,0.5
UMBC,1420,16,Prairie View,1341,16,0.5
Utah St,1429,9,Prairie View,1341,16,0.5
Vanderbilt,1435,5,Prairie View,1341,16,0.5
VCU,1433,11,Prairie View,1341,16,0.5
Villanova,1437,8,Prairie View,1341,16,0.5
Virginia,1438,3,Prairie View,1341,16,0.5
Wisconsin,1458,5,Prairie View,1341,16,0.5
Wright St,1460,14,Prairie View,1341,16,0.5
Purdue,1345,2,Queens NC,1474,15,0.5
Purdue,1345,2,Santa Clara,1365,10,0.5
Purdue,1345,2,Siena,1373,16,0.7300743839811188
Purdue,1345,2,SMU,1374,11,0.7231218051243898
Purdue,1345,2,South Florida,1378,11,0.635294849322807
Purdue,1345,2,St John's,1385,5,0.5
Purdue,1345,2,St Louis,1387,9,0.5
Purdue,1345,2,St Mary's CA,1388,7,0.5
Purdue,1345,2,TCU,1395,9,0.6479408020806503
Purdue,1345,2,Tennessee,1397,6,0.5621765008857981
Purdue,1345,2,Tennessee St,1398,15,0.5
Purdue,1345,2,Texas,1400,11,0.8037659436342208
Purdue,1345,2,Texas A&M,1401,10,0.6189278548001903
Purdue,1345,2,Texas Tech,1403,5,0.4292283881055083
Purdue,1345,2,Troy,1407,13,0.6931739493259501
Purdue,1345,2,UCF,1416,10,0.6082590307465143
Purdue,1345,2,UCLA,1417,7,0.38343349547868066
Purdue,1345,2,UMBC,1420,16,0.7180885751833498
Purdue,1345,2,Utah St,1429,9,0.5
Purdue,1345,2,Vanderbilt,1435,5,0.635294849322807
Purdue,1345,2,VCU,1433,11,0.6726070170677604
Purdue,1345,2,Villanova,1437,8,0.389360766050778
Purdue,1345,2,Virginia,1438,3,0.6846015003234307
Purdue,1345,2,Wisconsin,1458,5,0.4663011645670992
Purdue,1345,2,Wright St,1460,14,0.5
Santa Clara,1365,10,Queens NC,1474,15,0.5
Queens NC,1474,15,Siena,1373,16,0.5
SMU,1374,11,Queens NC,1474,15,0.5
South Florida,1378,11,Queens NC,1474,15,0.5
St John's,1385,5,Queens NC,1474,15,0.5
St Louis,1387,9,Queens NC,1474,15,0.5
St Mary's CA,1388,7,Queens NC,1474,15,0.5
TCU,1395,9,Queens NC,1474,15,0.5
Tennessee,1397,6,Queens NC,1474,15,0.5
Tennessee St,1398,15,Queens NC,1474,15,0.5
Texas,1400,11,Queens NC,1474,15,0.5
Texas A&M,1401,10,Queens NC,1474,15,0.5
Texas Tech,1403,5,Queens NC,1474,15,0.5
Troy,1407,13,Queens NC,1474,15,0.5
UCF,1416,10,Queens NC,1474,15,0.5
UCLA,1417,7,Queens NC,1474,15,0.5
Queens NC,1474,15,UMBC,1420,16,0.5
Utah St,1429,9,Queens NC,1474,15,0.5
Vanderbilt,1435,5,Queens NC,1474,15,0.5
VCU,1433,11,Queens NC,1474,15,0.5
Villanova,1437,8,Queens NC,1474,15,0.5
Virginia,1438,3,Queens NC,1474,15,0.5
Wisconsin,1458,5,Queens NC,1474,15,0.5
Wright St,1460,14,Queens NC,1474,15,0.5
Santa Clara,1365,10,Siena,1373,16,0.5
Santa Clara,1365,10,SMU,1374,11,0.5
Santa Clara,1365,10,South Florida,1378,11,0.5
St John's,1385,5,Santa Clara,1365,10,0.5
St Louis,1387,9,Santa Clara,1365,10,0.5
St Mary's CA,1388,7,Santa Clara,1365,10,0.5
TCU,1395,9,Santa Clara,1365,10,0.5
Tennessee,1397,6,Santa Clara,1365,10,0.5
Santa Clara,1365,10,Tennessee St,1398,15,0.5
Santa Clara,1365,10,Texas,1400,11,0.5
Santa Clara,1365,10,Texas A&M,1401,10,0.5
Texas Tech,1403,5,Santa Clara,1365,10,0.5
Santa Clara,1365,10,Troy,1407,13,0.5
Santa Clara,1365,10,UCF,1416,10,0.5
UCLA,1417,7,Santa Clara,1365,10,0.5
Santa Clara,1365,10,UMBC,1420,16,0.5
Utah St,1429,9,Santa Clara,1365,10,0.5
Vanderbilt,1435,5,Santa Clara,1365,10,0.5
Santa Clara,1365,10,VCU,1433,11,0.5
Villanova,1437,8,Santa Clara,1365,10,0.5
Virginia,1438,3,Santa Clara,1365,10,0.5
Wisconsin,1458,5,Santa Clara,1365,10,0.5
Santa Clara,1365,10,Wright St,1460,14,0.5
SMU,1374,11,Siena,1373,16,0.5087491068802403
South Florida,1378,11,Siena,1373,16,0.6082590307465143
St John's,1385,5,Siena,1373,16,0.5
St Louis,1387,9,Siena,1373,16,0.5
St Mary's CA,1388,7,Siena,1373,16,0.5
TCU,1395,9,Siena,1373,16,0.595078473866134
Tennessee,1397,6,Siena,1373,16,0.6780882495516275
Tennessee St,1398,15,Siena,1373,16,0.5
Texas,1400,11,Siena,1373,16,0.3977138231113694
Texas A&M,1401,10,Siena,1373,16,0.6248064744684293
Texas Tech,1403,5,Siena,1373,16,0.7824497764231124
Troy,1407,13,Siena,1373,16,0.5448788923735801
UCF,1416,10,Siena,1373,16,0.6352948493228071
UCLA,1417,7,Siena,1373,16,0.8130573860319537
Siena,1373,16,UMBC,1420,16,0.4850044983805899
Utah St,1429,9,Siena,1373,16,0.5
Vanderbilt,1435,5,Siena,1373,16,0.6082590307465144
VCU,1433,11,Siena,1373,16,0.5683199834782481
Villanova,1437,8,Siena,1373,16,0.809227736160078
Virginia,1438,3,Siena,1373,16,0.5547792351072148
Wisconsin,1458,5,Siena,1373,16,0.7558388990947971
Wright St,1460,14,Siena,1373,16,0.5
SMU,1374,11,South Florida,1378,11,0.40011163113600173
St John's,1385,5,SMU,1374,11,0.5
St Louis,1387,9,SMU,1374,11,0.5
St Mary's CA,1388,7,SMU,1374,11,0.5
TCU,1395,9,SMU,1374,11,0.5866175789173301
Tennessee,1397,6,SMU,1374,11,0.6704011598088686
SMU,1374,11,Tennessee St,1398,15,0.5
Texas,1400,11,SMU,1374,11,0.389360766050778
Texas A&M,1401,10,SMU,1374,11,0.6165665045213193
Texas Tech,1403,5,SMU,1374,11,0.7764331373333982
SMU,1374,11,Troy,1407,13,0.4638133797682052
UCF,1416,10,SMU,1374,11,0.6271477663131956
UCLA,1417,7,SMU,1374,11,0.8076791784227771
SMU,1374,11,UMBC,1420,16,0.49375032550048964
Utah St,1429,9,SMU,1374,11,0.5
Vanderbilt,1435,5,SMU,1374,11,0.5998883688639983
SMU,1374,11,VCU,1433,11,0.44028635073280703
Villanova,1437,8,SMU,1374,11,0.8037659436342208
Virginia,1438,3,SMU,1374,11,0.5461185410457796
Wisconsin,1458,5,SMU,1374,11,0.7493220844051797
SMU,1374,11,Wright St,1460,14,0.5
St John's,1385,5,South Florida,1378,11,0.5
St Louis,1387,9,South Florida,1378,11,0.5
St Mary's CA,1388,7,South Florida,1378,11,0.5
TCU,1395,9,South Florida,1378,11,0.486253465097645
Tennessee,1397,6,South Florida,1378,11,0.5756643510425494
South Florida,1378,11,Tennessee St,1398,15,0.5
Texas,1400,11,South Florida,1378,11,0.29838504638459934
Texas A&M,1401,10,South Florida,1378,11,0.5174928576663897
Texas Tech,1403,5,South Florida,1378,11,0.6984652160025387
South Florida,1378,11,Troy,1407,13,0.5646362918030292
UCF,1416,10,South Florida,1378,11,0.5287183569514396
UCLA,1417,7,South Florida,1378,11,0.7369158958334202
South Florida,1378,11,UMBC,1420,16,0.5938731029341427
Utah St,1429,9,South Florida,1378,11,0.5
Vanderbilt,1435,5,South Florida,1378,11,0.5
VCU,1433,11,South Florida,1378,11,0.45884333184977194
Villanova,1437,8,South Florida,1378,11,0.7320405018416317
Virginia,1438,3,South Florida,1378,11,0.4452207648927852
Wisconsin,1458,5,South Florida,1378,11,0.6659669267518202
South Florida,1378,11,Wright St,1460,14,0.5
St John's,1385,5,St Louis,1387,9,0.5
St John's,1385,5,St Mary's CA,1388,7,0.5
St John's,1385,5,TCU,1395,9,0.5
St John's,1385,5,Tennessee,1397,6,0.5
St John's,1385,5,Tennessee St,1398,15,0.5
St John's,1385,5,Texas,1400,11,0.5
St John's,1385,5,Texas A&M,1401,10,0.5
St John's,1385,5,Texas Tech,1403,5,0.5
St John's,1385,5,Troy,1407,13,0.5
St John's,1385,5,UCF,1416,10,0.5
St John's,1385,5,UCLA,1417,7,0.5
St John's,1385,5,UMBC,1420,16,0.5
St John's,1385,5,Utah St,1429,9,0.5
Vanderbilt,1435,5,St John's,1385,5,0.5
St John's,1385,5,VCU,1433,11,0.5
St John's,1385,5,Villanova,1437,8,0.5
Virginia,1438,3,St John's,1385,5,0.5
St John's,1385,5,Wisconsin,1458,5,0.5
St John's,1385,5,Wright St,1460,14,0.5
St Mary's CA,1388,7,St Louis,1387,9,0.5
TCU,1395,9,St Louis,1387,9,0.5
Tennessee,1397,6,St Louis,1387,9,0.5
St Louis,1387,9,Tennessee St,1398,15,0.5
St Louis,1387,9,Texas,1400,11,0.5
St Louis,1387,9,Texas A&M,1401,10,0.5
Texas Tech,1403,5,St Louis,1387,9,0.5
St Louis,1387,9,Troy,1407,13,0.5
St Louis,1387,9,UCF,1416,10,0.5
UCLA,1417,7,St Louis,1387,9,0.5
St Louis,1387,9,UMBC,1420,16,0.5
Utah St,1429,9,St Louis,1387,9,0.5
Vanderbilt,1435,5,St Louis,1387,9,0.5
St Louis,1387,9,VCU,1433,11,0.5
Villanova,1437,8,St Louis,1387,9,0.5
Virginia,1438,3,St Louis,1387,9,0.5
Wisconsin,1458,5,St Louis,1387,9,0.5
St Louis,1387,9,Wright St,1460,14,0.5
St Mary's CA,1388,7,TCU,1395,9,0.5
Tennessee,1397,6,St Mary's CA,1388,7,0.5
St Mary's CA,1388,7,Tennessee St,1398,15,0.5
St Mary's CA,1388,7,Texas,1400,11,0.5
St Mary's CA,1388,7,Texas A&M,1401,10,0.5
Texas Tech,1403,5,St Mary's CA,1388,7,0.5
St Mary's CA,1388,7,Troy,1407,13,0.5
St Mary's CA,1388,7,UCF,1416,10,0.5
St Mary's CA,1388,7,UCLA,1417,7,0.5
St Mary's CA,1388,7,UMBC,1420,16,0.5
St Mary's CA,1388,7,Utah St,1429,9,0.5
Vanderbilt,1435,5,St Mary's CA,1388,7,0.5
St Mary's CA,1388,7,VCU,1433,11,0.5
St Mary's CA,1388,7,Villanova,1437,8,0.5
Virginia,1438,3,St Mary's CA,1388,7,0.5
Wisconsin,1458,5,St Mary's CA,1388,7,0.5
St Mary's CA,1388,7,Wright St,1460,14,0.5
Tennessee,1397,6,TCU,1395,9,0.5890404340586651
TCU,1395,9,Tennessee St,1398,15,0.5
TCU,1395,9,Texas,1400,11,0.6899744811276125
TCU,1395,9,Texas A&M,1401,10,0.46879062662624377
Texas Tech,1403,5,TCU,1395,9,0.7099209183344533
TCU,1395,9,Troy,1407,13,0.551071269307342
TCU,1395,9,UCF,1416,10,0.45760205922564895
UCLA,1417,7,TCU,1395,9,0.7474390202201999
TCU,1395,9,UMBC,1420,16,0.5805423048206597
Utah St,1429,9,TCU,1395,9,0.5
Vanderbilt,1435,5,TCU,1395,9,0.513746534902355
TCU,1395,9,VCU,1433,11,0.5274723043445937
Villanova,1437,8,TCU,1395,9,0.7426905453026857
Virginia,1438,3,TCU,1395,9,0.458843331849772
Wisconsin,1458,5,TCU,1395,9,0.6780882495516275
TCU,1395,9,Wright St,1460,14,0.5
Tennessee,1397,6,Tennessee St,1398,15,0.5
Tennessee,1397,6,Texas,1400,11,0.7613327148429104
Tennessee,1397,6,Texas A&M,1401,10,0.5584811124381613
Texas Tech,1403,5,Tennessee,1397,6,0.6306485256510744
Tennessee,1397,6,Troy,1407,13,0.637608652621925
Tennessee,1397,6,UCF,1416,10,0.5473576181430894
Tennessee,1397,6,UCLA,1417,7,0.3262929005454786
Tennessee,1397,6,UMBC,1420,16,0.6648537304059736
Tennessee,1397,6,Utah St,1429,9,0.5
Vanderbilt,1435,5,Tennessee,1397,6,0.42433564895745063
Tennessee,1397,6,VCU,1433,11,0.6153837563911821
Tennessee,1397,6,Villanova,1437,8,0.3318122278318339
Virginia,1438,3,Tennessee,1397,6,0.3716838117046338
Wisconsin,1458,5,Tennessee,1397,6,0.595078473866134
Tennessee,1397,6,Wright St,1460,14,0.5
Texas,1400,11,Tennessee St,1398,15,0.5
Texas A&M,1401,10,Tennessee St,1398,15,0.5
Texas Tech,1403,5,Tennessee St,1398,15,0.5
Troy,1407,13,Tennessee St,1398,15,0.5
UCF,1416,10,Tennessee St,1398,15,0.5
UCLA,1417,7,Tennessee St,1398,15,0.5
Tennessee St,1398,15,UMBC,1420,16,0.5
Utah St,1429,9,Tennessee St,1398,15,0.5
Vanderbilt,1435,5,Tennessee St,1398,15,0.5
VCU,1433,11,Tennessee St,1398,15,0.5
Villanova,1437,8,Tennessee St,1398,15,0.5
Virginia,1438,3,Tennessee St,1398,15,0.5
Wisconsin,1458,5,Tennessee St,1398,15,0.5
Wright St,1460,14,Tennessee St,1398,15,0.5
Texas A&M,1401,10,Texas,1400,11,0.7160597938157098
Texas Tech,1403,5,Texas,1400,11,0.8448805773736964
Texas,1400,11,Troy,1407,13,0.3554884462937054
UCF,1416,10,Texas,1400,11,0.7251194977898231
UCLA,1417,7,Texas,1400,11,0.8681843818868048
Texas,1400,11,UMBC,1420,16,0.38343349547868066
Utah St,1429,9,Texas,1400,11,0.5
Vanderbilt,1435,5,Texas,1400,11,0.7016149536154007
Texas,1400,11,VCU,1433,11,0.3340330732481797
Villanova,1437,8,Texas,1400,11,0.8652969480479719
Virginia,1438,3,Texas,1400,11,0.653622330899504
Wisconsin,1458,5,Texas,1400,11,0.824190402911071
Texas,1400,11,Wright St,1460,14,0.5
Texas Tech,1403,5,Texas A&M,1401,10,0.6835208937363156
Texas A&M,1401,10,Troy,1407,13,0.5817593768418363
UCF,1416,10,Texas A&M,1401,10,0.5112481019468549
UCLA,1417,7,Texas A&M,1401,10,0.7231218051243898
Texas A&M,1401,10,UMBC,1420,16,0.610639233949222
Utah St,1429,9,Texas A&M,1401,10,0.5
Vanderbilt,1435,5,Texas A&M,1401,10,0.48250714233361036
Texas A&M,1401,10,VCU,1433,11,0.5584811124381613
Villanova,1437,8,Texas A&M,1401,10,0.7180885751833498
Virginia,1438,3,Texas A&M,1401,10,0.42800386706848137
Wisconsin,1458,5,Texas A&M,1401,10,0.6502185485738271
Texas A&M,1401,10,Wright St,1460,14,0.5
Texas Tech,1403,5,Troy,1407,13,0.7502601055951177
Texas Tech,1403,5,UCF,1416,10,0.6737070994545215
Texas Tech,1403,5,UCLA,1417,7,0.45264238185691075
Texas Tech,1403,5,UMBC,1420,16,0.7720635494267837
Texas Tech,1403,5,Utah St,1429,9,0.5
Vanderbilt,1435,5,Texas Tech,1403,5,0.30153478399746125
Texas Tech,1403,5,VCU,1433,11,0.7320405018416317
Texas Tech,1403,5,Villanova,1437,8,0.458843331849772
Virginia,1438,3,Texas Tech,1403,5,0.2573094546973142
Texas Tech,1403,5,Wisconsin,1458,5,0.5374298453437496
Texas Tech,1403,5,Wright St,1460,14,0.5
UCF,1416,10,Troy,1407,13,0.5926665999540698
UCLA,1417,7,Troy,1407,13,0.7841471891774855
Troy,1407,13,UMBC,1420,16,0.5299640517645717
Utah St,1429,9,Troy,1407,13,0.5
Vanderbilt,1435,5,Troy,1407,13,0.5646362918030292
VCU,1433,11,Troy,1407,13,0.523732154126561
Villanova,1437,8,Troy,1407,13,0.7798856290007258
Virginia,1438,3,Troy,1407,13,0.5099986668799655
Wisconsin,1458,5,Troy,1407,13,0.7211151780228631
Troy,1407,13,Wright St,1460,14,0.5
UCLA,1417,7,UCF,1416,10,0.7140222267773016
UCF,1416,10,UMBC,1420,16,0.6212835951910678
Utah St,1429,9,UCF,1416,10,0.5
Vanderbilt,1435,5,UCF,1416,10,0.4712816430485604
UCF,1416,10,VCU,1433,11,0.569546223939229
Villanova,1437,8,UCF,1416,10,0.7088901725661199
Virginia,1438,3,UCF,1416,10,0.41702454579880055
Wisconsin,1458,5,UCF,1416,10,0.6399160967377341
UCF,1416,10,Wright St,1460,14,0.5
UCLA,1417,7,UMBC,1420,16,0.8037659436342208
UCLA,1417,7,Utah St,1429,9,0.5
Vanderbilt,1435,5,UCLA,1417,7,0.2630841041665798
UCLA,1417,7,VCU,1433,11,0.7676341173216251
UCLA,1417,7,Villanova,1437,8,0.5062496744995104
Virginia,1438,3,UCLA,1417,7,0.22270013882530884
Wisconsin,1458,5,UCLA,1417,7,0.4158094770645927
UCLA,1417,7,Wright St,1460,14,0.5
Utah St,1429,9,UMBC,1420,16,0.5
Vanderbilt,1435,5,UMBC,1420,16,0.5938731029341427
VCU,1433,11,UMBC,1420,16,0.5535439031511183
Villanova,1437,8,UMBC,1420,16,0.7997928218007208
Virginia,1438,3,UMBC,1420,16,0.5399148845555657
Wisconsin,1458,5,UMBC,1420,16,0.7445969158274759
Wright St,1460,14,UMBC,1420,16,0.5
Vanderbilt,1435,5,Utah St,1429,9,0.5
Utah St,1429,9,VCU,1433,11,0.5
Villanova,1437,8,Utah St,1429,9,0.5
Virginia,1438,3,Utah St,1429,9,0.5
Wisconsin,1458,5,Utah St,1429,9,0.5
Utah St,1429,9,Wright St,1460,14,0.5
Vanderbilt,1435,5,VCU,1433,11,0.5411566681502281
Vanderbilt,1435,5,Villanova,1437,8,0.2679594981583682
Virginia,1438,3,Vanderbilt,1435,5,0.4452207648927852
Vanderbilt,1435,5,Wisconsin,1458,5,0.3340330732481797
Vanderbilt,1435,5,Wright St,1460,14,0.5
Villanova,1437,8,VCU,1433,11,0.7631450157268554
Virginia,1438,3,VCU,1433,11,0.486253465097645
Wisconsin,1458,5,VCU,1433,11,0.7016149536154007
VCU,1433,11,Wright St,1460,14,0.5
Virginia,1438,3,Villanova,1437,8,0.2270577406032615
Wisconsin,1458,5,Villanova,1437,8,0.4218947671156909
Villanova,1437,8,Wright St,1460,14,0.5
Virginia,1438,3,Wisconsin,1458,5,0.2869998372477183
Virginia,1438,3,Wright St,1460,14,0.5
Wisconsin,1458,5,Wright St,1460,14,0.5
